time,open,high,low,close,volume
1776365760,1.1782727241516113,1.1782727241516113,1.1782727241516113,1.1782727241516113,0
1776365820,1.1782727241516113,1.1782727241516113,1.1782727241516113,1.1782727241516113,0
1776365880,1.1784114837646484,1.1784114837646484,1.1784114837646484,1.1784114837646484,0
1776365940,1.1782727241516113,1.1782727241516113,1.1782727241516113,1.1782727241516113,0
1776366000,1.1784114837646484,1.1784114837646484,1.1784114837646484,1.1784114837646484,0
1776366060,1.178550362586975,1.178550362586975,1.178550362586975,1.178550362586975,0
1776366120,1.178550362586975,1.178550362586975,1.178550362586975,1.178550362586975,0
1776366180,1.178550362586975,1.178550362586975,1.178550362586975,1.178550362586975,0
1776366240,1.1784114837646484,1.1784114837646484,1.1784114837646484,1.1784114837646484,0
1776366300,1.1784114837646484,1.1784114837646484,1.1784114837646484,1.1784114837646484,0
1776366360,1.178550362586975,1.178550362586975,1.178550362586975,1.178550362586975,0
1776366420,1.1784114837646484,1.1784114837646484,1.1784114837646484,1.1784114837646484,0
1776366480,1.1784114837646484,1.1784114837646484,1.1784114837646484,1.1784114837646484,0
1776366540,1.1784114837646484,1.1784114837646484,1.1784114837646484,1.1784114837646484,0
1776366600,1.1786893606185913,1.1786893606185913,1.1786893606185913,1.1786893606185913,0
1776366660,1.1786893606185913,1.1786893606185913,1.1786893606185913,1.1786893606185913,0
1776366720,1.178550362586975,1.178550362586975,1.178550362586975,1.178550362586975,0
1776366780,1.178550362586975,1.178550362586975,1.178550362586975,1.178550362586975,0
1776366840,1.178550362586975,1.178550362586975,1.178550362586975,1.178550362586975,0
1776366900,1.178550362586975,1.178550362586975,1.178550362586975,1.178550362586975,0
1776366960,1.178550362586975,1.178550362586975,1.178550362586975,1.178550362586975,0
1776367020,1.178550362586975,1.178550362586975,1.178550362586975,1.178550362586975,0
1776367080,1.178550362586975,1.178550362586975,1.178550362586975,1.178550362586975,0
1776367140,1.1786893606185913,1.1786893606185913,1.1786893606185913,1.1786893606185913,0
1776367200,1.178550362586975,1.178550362586975,1.178550362586975,1.178550362586975,0
1776367260,1.178550362586975,1.178550362586975,1.178550362586975,1.178550362586975,0
1776367320,1.1786893606185913,1.1786893606185913,1.1786893606185913,1.1786893606185913,0
1776367380,1.1786893606185913,1.1786893606185913,1.1786893606185913,1.1786893606185913,0
1776367440,1.178550362586975,1.178550362586975,1.178550362586975,1.178550362586975,0
1776367500,1.178550362586975,1.178550362586975,1.178550362586975,1.178550362586975,0
1776367560,1.178550362586975,1.178550362586975,1.178550362586975,1.178550362586975,0
1776367620,1.178550362586975,1.178550362586975,1.178550362586975,1.178550362586975,0
1776367680,1.1786893606185913,1.1786893606185913,1.1786893606185913,1.1786893606185913,0
1776367740,1.1786893606185913,1.1786893606185913,1.1786893606185913,1.1786893606185913,0
1776367800,1.1786893606185913,1.1786893606185913,1.1786893606185913,1.1786893606185913,0
1776367860,1.178828239440918,1.178828239440918,1.178828239440918,1.178828239440918,0
1776367920,1.178828239440918,1.178828239440918,1.178828239440918,1.178828239440918,0
1776367980,1.178828239440918,1.178828239440918,1.178828239440918,1.178828239440918,0
1776368040,1.178828239440918,1.178828239440918,1.178828239440918,1.178828239440918,0
1776368100,1.178828239440918,1.178828239440918,1.178828239440918,1.178828239440918,0
1776368160,1.178828239440918,1.178828239440918,1.178828239440918,1.178828239440918,0
1776368220,1.178828239440918,1.178828239440918,1.178828239440918,1.178828239440918,0
1776368280,1.178828239440918,1.178828239440918,1.178828239440918,1.178828239440918,0
1776368340,1.178828239440918,1.178828239440918,1.178828239440918,1.178828239440918,0
1776368400,1.178828239440918,1.178828239440918,1.178828239440918,1.178828239440918,0
1776368460,1.178828239440918,1.178828239440918,1.178828239440918,1.178828239440918,0
1776368520,1.178828239440918,1.178828239440918,1.178828239440918,1.178828239440918,0
1776368580,1.1786893606185913,1.1786893606185913,1.1786893606185913,1.1786893606185913,0
1776368640,1.1786893606185913,1.1786893606185913,1.1786893606185913,1.1786893606185913,0
1776368700,1.178550362586975,1.178550362586975,1.178550362586975,1.178550362586975,0
1776368760,1.178550362586975,1.178550362586975,1.178550362586975,1.178550362586975,0
1776368820,1.178550362586975,1.178550362586975,1.178550362586975,1.178550362586975,0
1776368880,1.178550362586975,1.178550362586975,1.178550362586975,1.178550362586975,0
1776368940,1.178550362586975,1.178550362586975,1.178550362586975,1.178550362586975,0
1776369000,1.1786893606185913,1.1786893606185913,1.1786893606185913,1.1786893606185913,0
1776369060,1.178550362586975,1.178550362586975,1.178550362586975,1.178550362586975,0
1776369120,1.178550362586975,1.178550362586975,1.178550362586975,1.178550362586975,0
1776369180,1.178550362586975,1.178550362586975,1.178550362586975,1.178550362586975,0
1776369240,1.1784114837646484,1.1784114837646484,1.1784114837646484,1.1784114837646484,0
1776369300,1.178550362586975,1.178550362586975,1.178550362586975,1.178550362586975,0
1776369360,1.1784114837646484,1.1784114837646484,1.1784114837646484,1.1784114837646484,0
1776369420,1.1784114837646484,1.1784114837646484,1.1784114837646484,1.1784114837646484,0
1776369480,1.178550362586975,1.178550362586975,1.178550362586975,1.178550362586975,0
1776369540,1.178550362586975,1.178550362586975,1.178550362586975,1.178550362586975,0
1776369600,1.178550362586975,1.178550362586975,1.178550362586975,1.178550362586975,0
1776369660,1.178550362586975,1.178550362586975,1.178550362586975,1.178550362586975,0
1776369720,1.178550362586975,1.178550362586975,1.178550362586975,1.178550362586975,0
1776369780,1.178550362586975,1.178550362586975,1.178550362586975,1.178550362586975,0
1776369840,1.1784114837646484,1.1784114837646484,1.1784114837646484,1.1784114837646484,0
1776369900,1.1784114837646484,1.1784114837646484,1.1784114837646484,1.1784114837646484,0
1776369960,1.1784114837646484,1.1784114837646484,1.1784114837646484,1.1784114837646484,0
1776370020,1.1784114837646484,1.1784114837646484,1.1784114837646484,1.1784114837646484,0
1776370080,1.1784114837646484,1.1784114837646484,1.1784114837646484,1.1784114837646484,0
1776370140,1.1784114837646484,1.1784114837646484,1.1784114837646484,1.1784114837646484,0
1776370200,1.1784114837646484,1.1784114837646484,1.1784114837646484,1.1784114837646484,0
1776370260,1.1784114837646484,1.1784114837646484,1.1784114837646484,1.1784114837646484,0
1776370320,1.1784114837646484,1.1784114837646484,1.1784114837646484,1.1784114837646484,0
1776370380,1.1784114837646484,1.1784114837646484,1.1784114837646484,1.1784114837646484,0
1776370440,1.178550362586975,1.178550362586975,1.178550362586975,1.178550362586975,0
1776370500,1.178550362586975,1.178550362586975,1.178550362586975,1.178550362586975,0
1776370560,1.178550362586975,1.178550362586975,1.178550362586975,1.178550362586975,0
1776370620,1.1784114837646484,1.1784114837646484,1.1784114837646484,1.1784114837646484,0
1776370680,1.1784114837646484,1.1784114837646484,1.1784114837646484,1.1784114837646484,0
1776370740,1.1784114837646484,1.1784114837646484,1.1784114837646484,1.1784114837646484,0
1776370800,1.1784114837646484,1.1784114837646484,1.1784114837646484,1.1784114837646484,0
1776370860,1.1784114837646484,1.1784114837646484,1.1784114837646484,1.1784114837646484,0
1776370920,1.1784114837646484,1.1784114837646484,1.1784114837646484,1.1784114837646484,0
1776370980,1.1782727241516113,1.1782727241516113,1.1782727241516113,1.1782727241516113,0
1776371040,1.1782727241516113,1.1782727241516113,1.1782727241516113,1.1782727241516113,0
1776371100,1.1782727241516113,1.1782727241516113,1.1782727241516113,1.1782727241516113,0
1776371160,1.1782727241516113,1.1782727241516113,1.1782727241516113,1.1782727241516113,0
1776371220,1.1782727241516113,1.1782727241516113,1.1782727241516113,1.1782727241516113,0
1776371280,1.1782727241516113,1.1782727241516113,1.1782727241516113,1.1782727241516113,0
1776371340,1.1782727241516113,1.1782727241516113,1.1782727241516113,1.1782727241516113,0
1776371400,1.1784114837646484,1.1784114837646484,1.1784114837646484,1.1784114837646484,0
1776371460,1.178550362586975,1.178550362586975,1.178550362586975,1.178550362586975,0
1776371520,1.178550362586975,1.178550362586975,1.178550362586975,1.178550362586975,0
1776371580,1.1784114837646484,1.1784114837646484,1.1784114837646484,1.1784114837646484,0
1776371640,1.178550362586975,1.178550362586975,1.178550362586975,1.178550362586975,0
1776371700,1.178550362586975,1.178550362586975,1.178550362586975,1.178550362586975,0
1776371760,1.178550362586975,1.178550362586975,1.178550362586975,1.178550362586975,0
1776371820,1.178550362586975,1.178550362586975,1.178550362586975,1.178550362586975,0
1776371880,1.1784114837646484,1.1784114837646484,1.1784114837646484,1.1784114837646484,0
1776371940,1.178550362586975,1.178550362586975,1.178550362586975,1.178550362586975,0
1776372000,1.178550362586975,1.178550362586975,1.178550362586975,1.178550362586975,0
1776372060,1.178550362586975,1.178550362586975,1.178550362586975,1.178550362586975,0
1776372120,1.178550362586975,1.178550362586975,1.178550362586975,1.178550362586975,0
1776372180,1.178550362586975,1.178550362586975,1.178550362586975,1.178550362586975,0
1776372240,1.178550362586975,1.178550362586975,1.178550362586975,1.178550362586975,0
1776372300,1.178550362586975,1.178550362586975,1.178550362586975,1.178550362586975,0
1776372360,1.178550362586975,1.178550362586975,1.178550362586975,1.178550362586975,0
1776372420,1.1786893606185913,1.1786893606185913,1.1786893606185913,1.1786893606185913,0
1776372480,1.178550362586975,1.178550362586975,1.178550362586975,1.178550362586975,0
1776372540,1.1786893606185913,1.1786893606185913,1.1786893606185913,1.1786893606185913,0
1776372600,1.178550362586975,1.178550362586975,1.178550362586975,1.178550362586975,0
1776372660,1.178550362586975,1.178550362586975,1.178550362586975,1.178550362586975,0
1776372720,1.178550362586975,1.178550362586975,1.178550362586975,1.178550362586975,0
1776372780,1.1786893606185913,1.1786893606185913,1.1786893606185913,1.1786893606185913,0
1776372840,1.178550362586975,1.178550362586975,1.178550362586975,1.178550362586975,0
1776372900,1.178550362586975,1.178550362586975,1.178550362586975,1.178550362586975,0
1776372960,1.178550362586975,1.178550362586975,1.178550362586975,1.178550362586975,0
1776373020,1.178550362586975,1.178550362586975,1.178550362586975,1.178550362586975,0
1776373080,1.1786893606185913,1.1786893606185913,1.1786893606185913,1.1786893606185913,0
1776373140,1.178550362586975,1.178550362586975,1.178550362586975,1.178550362586975,0
1776373200,1.1786893606185913,1.1786893606185913,1.1786893606185913,1.1786893606185913,0
1776373260,1.1777175664901733,1.1777175664901733,1.1777175664901733,1.1777175664901733,0
1776373320,1.1778563261032104,1.1778563261032104,1.1778563261032104,1.1778563261032104,0
1776373380,1.1778563261032104,1.1778563261032104,1.1778563261032104,1.1778563261032104,0
1776373440,1.1782727241516113,1.1782727241516113,1.1782727241516113,1.1782727241516113,0
1776373500,1.178550362586975,1.178550362586975,1.178550362586975,1.178550362586975,0
1776373560,1.1782727241516113,1.1782727241516113,1.1782727241516113,1.1782727241516113,0
1776373620,1.1786893606185913,1.1786893606185913,1.1786893606185913,1.1786893606185913,0
1776373680,1.1784114837646484,1.1784114837646484,1.1784114837646484,1.1784114837646484,0
1776373740,1.178550362586975,1.178550362586975,1.178550362586975,1.178550362586975,0
1776373800,1.1782727241516113,1.1782727241516113,1.1782727241516113,1.1782727241516113,0
1776373860,1.178550362586975,1.178550362586975,1.178550362586975,1.178550362586975,0
1776373920,1.1784114837646484,1.1784114837646484,1.1784114837646484,1.1784114837646484,0
1776373980,1.1782727241516113,1.1782727241516113,1.1782727241516113,1.1782727241516113,0
1776374040,1.1784114837646484,1.1784114837646484,1.1784114837646484,1.1784114837646484,0
1776374100,1.1781338453292847,1.1781338453292847,1.1781338453292847,1.1781338453292847,0
1776374160,1.1782727241516113,1.1782727241516113,1.1782727241516113,1.1782727241516113,0
1776374220,1.1782727241516113,1.1782727241516113,1.1782727241516113,1.1782727241516113,0
1776374280,1.178550362586975,1.178550362586975,1.178550362586975,1.178550362586975,0
1776374340,1.178550362586975,1.178550362586975,1.178550362586975,1.178550362586975,0
1776374400,1.1782727241516113,1.1782727241516113,1.1782727241516113,1.1782727241516113,0
1776374460,1.1784114837646484,1.1784114837646484,1.1784114837646484,1.1784114837646484,0
1776374520,1.178550362586975,1.178550362586975,1.178550362586975,1.178550362586975,0
1776374580,1.1781338453292847,1.1781338453292847,1.1781338453292847,1.1781338453292847,0
1776374640,1.1782727241516113,1.1782727241516113,1.1782727241516113,1.1782727241516113,0
1776374700,1.1784114837646484,1.1784114837646484,1.1784114837646484,1.1784114837646484,0
1776374760,1.1784114837646484,1.1784114837646484,1.1784114837646484,1.1784114837646484,0
1776374820,1.178550362586975,1.178550362586975,1.178550362586975,1.178550362586975,0
1776374880,1.1781338453292847,1.1781338453292847,1.1781338453292847,1.1781338453292847,0
1776374940,1.1784114837646484,1.1784114837646484,1.1784114837646484,1.1784114837646484,0
1776375000,1.1781338453292847,1.1781338453292847,1.1781338453292847,1.1781338453292847,0
1776375060,1.1782727241516113,1.1782727241516113,1.1782727241516113,1.1782727241516113,0
1776375120,1.1782727241516113,1.1782727241516113,1.1782727241516113,1.1782727241516113,0
1776375180,1.1782727241516113,1.1782727241516113,1.1782727241516113,1.1782727241516113,0
1776375240,1.1782727241516113,1.1782727241516113,1.1782727241516113,1.1782727241516113,0
1776375300,1.1782727241516113,1.1782727241516113,1.1782727241516113,1.1782727241516113,0
1776375360,1.1782727241516113,1.1782727241516113,1.1782727241516113,1.1782727241516113,0
1776375420,1.1784114837646484,1.1784114837646484,1.1784114837646484,1.1784114837646484,0
1776375480,1.1784114837646484,1.1784114837646484,1.1784114837646484,1.1784114837646484,0
1776375540,1.1782727241516113,1.1782727241516113,1.1782727241516113,1.1782727241516113,0
1776375600,1.178550362586975,1.178550362586975,1.178550362586975,1.178550362586975,0
1776375660,1.1784114837646484,1.1784114837646484,1.1784114837646484,1.1784114837646484,0
1776375720,1.178550362586975,1.178550362586975,1.178550362586975,1.178550362586975,0
1776375780,1.1784114837646484,1.1784114837646484,1.1784114837646484,1.1784114837646484,0
1776375840,1.178550362586975,1.178550362586975,1.178550362586975,1.178550362586975,0
1776375900,1.1784114837646484,1.1784114837646484,1.1784114837646484,1.1784114837646484,0
1776375960,1.1782727241516113,1.1782727241516113,1.1782727241516113,1.1782727241516113,0
1776376020,1.1784114837646484,1.1784114837646484,1.1784114837646484,1.1784114837646484,0
1776376080,1.178550362586975,1.178550362586975,1.178550362586975,1.178550362586975,0
1776376140,1.1784114837646484,1.1784114837646484,1.1784114837646484,1.1784114837646484,0
1776376200,1.1784114837646484,1.1784114837646484,1.1784114837646484,1.1784114837646484,0
1776376260,1.178550362586975,1.178550362586975,1.178550362586975,1.178550362586975,0
1776376320,1.1786893606185913,1.1786893606185913,1.1786893606185913,1.1786893606185913,0
1776376380,1.1784114837646484,1.1784114837646484,1.1784114837646484,1.1784114837646484,0
1776376440,1.1784114837646484,1.1784114837646484,1.1784114837646484,1.1784114837646484,0
1776376500,1.1784114837646484,1.1784114837646484,1.1784114837646484,1.1784114837646484,0
1776376560,1.1786893606185913,1.1786893606185913,1.1786893606185913,1.1786893606185913,0
1776376620,1.178550362586975,1.178550362586975,1.178550362586975,1.178550362586975,0
1776376680,1.1784114837646484,1.1784114837646484,1.1784114837646484,1.1784114837646484,0
1776376740,1.1786893606185913,1.1786893606185913,1.1786893606185913,1.1786893606185913,0
1776376800,1.1784114837646484,1.1784114837646484,1.1784114837646484,1.1784114837646484,0
1776376860,1.178550362586975,1.178550362586975,1.178550362586975,1.178550362586975,0
1776376920,1.1786893606185913,1.1786893606185913,1.1786893606185913,1.1786893606185913,0
1776376980,1.1786893606185913,1.1786893606185913,1.1786893606185913,1.1786893606185913,0
1776377040,1.178828239440918,1.178828239440918,1.178828239440918,1.178828239440918,0
1776377100,1.178828239440918,1.178828239440918,1.178828239440918,1.178828239440918,0
1776377160,1.1791062355041504,1.1791062355041504,1.1791062355041504,1.1791062355041504,0
1776377220,1.1791062355041504,1.1791062355041504,1.1791062355041504,1.1791062355041504,0
1776377280,1.1791062355041504,1.1791062355041504,1.1791062355041504,1.1791062355041504,0
1776377340,1.1791062355041504,1.1791062355041504,1.1791062355041504,1.1791062355041504,0
1776377400,1.1789672374725342,1.1789672374725342,1.1789672374725342,1.1789672374725342,0
1776377460,1.1791062355041504,1.1791062355041504,1.1791062355041504,1.1791062355041504,0
1776377520,1.1789672374725342,1.1789672374725342,1.1789672374725342,1.1789672374725342,0
1776377580,1.1789672374725342,1.1789672374725342,1.1789672374725342,1.1789672374725342,0
1776377640,1.1789672374725342,1.1789672374725342,1.1789672374725342,1.1789672374725342,0
1776377700,1.1789672374725342,1.1789672374725342,1.1789672374725342,1.1789672374725342,0
1776377760,1.1789672374725342,1.1789672374725342,1.1789672374725342,1.1789672374725342,0
1776377820,1.178828239440918,1.178828239440918,1.178828239440918,1.178828239440918,0
1776377880,1.178828239440918,1.178828239440918,1.178828239440918,1.178828239440918,0
1776377940,1.178828239440918,1.178828239440918,1.178828239440918,1.178828239440918,0
1776378000,1.178828239440918,1.178828239440918,1.178828239440918,1.178828239440918,0
1776378060,1.178828239440918,1.178828239440918,1.178828239440918,1.178828239440918,0
1776378120,1.178828239440918,1.178828239440918,1.178828239440918,1.178828239440918,0
1776378180,1.1789672374725342,1.1789672374725342,1.1789672374725342,1.1789672374725342,0
1776378240,1.178828239440918,1.178828239440918,1.178828239440918,1.178828239440918,0
1776378300,1.178828239440918,1.178828239440918,1.178828239440918,1.178828239440918,0
1776378360,1.1789672374725342,1.1789672374725342,1.1789672374725342,1.1789672374725342,0
1776378420,1.1789672374725342,1.1789672374725342,1.1789672374725342,1.1789672374725342,0
1776378480,1.1789672374725342,1.1789672374725342,1.1789672374725342,1.1789672374725342,0
1776378540,1.1789672374725342,1.1789672374725342,1.1789672374725342,1.1789672374725342,0
1776378600,1.1789672374725342,1.1789672374725342,1.1789672374725342,1.1789672374725342,0
1776378660,1.178828239440918,1.178828239440918,1.178828239440918,1.178828239440918,0
1776378720,1.178828239440918,1.178828239440918,1.178828239440918,1.178828239440918,0
1776378780,1.178828239440918,1.178828239440918,1.178828239440918,1.178828239440918,0
1776378840,1.178828239440918,1.178828239440918,1.178828239440918,1.178828239440918,0
1776378900,1.178828239440918,1.178828239440918,1.178828239440918,1.178828239440918,0
1776378960,1.178828239440918,1.178828239440918,1.178828239440918,1.178828239440918,0
1776379020,1.1789672374725342,1.1789672374725342,1.1789672374725342,1.1789672374725342,0
1776379080,1.178828239440918,1.178828239440918,1.178828239440918,1.178828239440918,0
1776379140,1.178828239440918,1.178828239440918,1.178828239440918,1.178828239440918,0
1776379200,1.178828239440918,1.178828239440918,1.178828239440918,1.178828239440918,0
1776379260,1.178828239440918,1.178828239440918,1.178828239440918,1.178828239440918,0
1776379320,1.1789672374725342,1.1789672374725342,1.1789672374725342,1.1789672374725342,0
1776379380,1.178828239440918,1.178828239440918,1.178828239440918,1.178828239440918,0
1776379440,1.178828239440918,1.178828239440918,1.178828239440918,1.178828239440918,0
1776379500,1.178828239440918,1.178828239440918,1.178828239440918,1.178828239440918,0
1776379560,1.178828239440918,1.178828239440918,1.178828239440918,1.178828239440918,0
1776379620,1.178828239440918,1.178828239440918,1.178828239440918,1.178828239440918,0
1776379680,1.178828239440918,1.178828239440918,1.178828239440918,1.178828239440918,0
1776379740,1.1789672374725342,1.1789672374725342,1.1789672374725342,1.1789672374725342,0
1776379800,1.178828239440918,1.178828239440918,1.178828239440918,1.178828239440918,0
1776379860,1.178828239440918,1.178828239440918,1.178828239440918,1.178828239440918,0
1776379920,1.178828239440918,1.178828239440918,1.178828239440918,1.178828239440918,0
1776379980,1.178828239440918,1.178828239440918,1.178828239440918,1.178828239440918,0
1776380040,1.1789672374725342,1.1789672374725342,1.1789672374725342,1.1789672374725342,0
1776380100,1.178828239440918,1.178828239440918,1.178828239440918,1.178828239440918,0
1776380160,1.178828239440918,1.178828239440918,1.178828239440918,1.178828239440918,0
1776380220,1.1789672374725342,1.1789672374725342,1.1789672374725342,1.1789672374725342,0
1776380280,1.178828239440918,1.178828239440918,1.178828239440918,1.178828239440918,0
1776380400,1.178828239440918,1.178828239440918,1.178828239440918,1.178828239440918,0
1776380460,1.178828239440918,1.178828239440918,1.178828239440918,1.178828239440918,0
1776380520,1.178828239440918,1.178828239440918,1.178828239440918,1.178828239440918,0
1776380580,1.178828239440918,1.178828239440918,1.178828239440918,1.178828239440918,0
1776380640,1.178828239440918,1.178828239440918,1.178828239440918,1.178828239440918,0
1776380700,1.178828239440918,1.178828239440918,1.178828239440918,1.178828239440918,0
1776380760,1.1786893606185913,1.1786893606185913,1.1786893606185913,1.1786893606185913,0
1776380820,1.1786893606185913,1.1786893606185913,1.1786893606185913,1.1786893606185913,0
1776380880,1.1786893606185913,1.1786893606185913,1.1786893606185913,1.1786893606185913,0
1776380940,1.178828239440918,1.178828239440918,1.178828239440918,1.178828239440918,0
1776381000,1.178828239440918,1.178828239440918,1.178828239440918,1.178828239440918,0
1776381060,1.1786893606185913,1.1786893606185913,1.1786893606185913,1.1786893606185913,0
1776381120,1.178828239440918,1.178828239440918,1.178828239440918,1.178828239440918,0
1776381180,1.178828239440918,1.178828239440918,1.178828239440918,1.178828239440918,0
1776381240,1.178828239440918,1.178828239440918,1.178828239440918,1.178828239440918,0
1776381300,1.178828239440918,1.178828239440918,1.178828239440918,1.178828239440918,0
1776381360,1.178828239440918,1.178828239440918,1.178828239440918,1.178828239440918,0
1776381420,1.178828239440918,1.178828239440918,1.178828239440918,1.178828239440918,0
1776381480,1.178828239440918,1.178828239440918,1.178828239440918,1.178828239440918,0
1776381540,1.1789672374725342,1.1789672374725342,1.1789672374725342,1.1789672374725342,0
1776381600,1.1789672374725342,1.1789672374725342,1.1789672374725342,1.1789672374725342,0
1776381660,1.1789672374725342,1.1789672374725342,1.1789672374725342,1.1789672374725342,0
1776381720,1.1789672374725342,1.1789672374725342,1.1789672374725342,1.1789672374725342,0
1776381780,1.1789672374725342,1.1789672374725342,1.1789672374725342,1.1789672374725342,0
1776381840,1.1789672374725342,1.1789672374725342,1.1789672374725342,1.1789672374725342,0
1776381900,1.1789672374725342,1.1789672374725342,1.1789672374725342,1.1789672374725342,0
1776381960,1.1789672374725342,1.1789672374725342,1.1789672374725342,1.1789672374725342,0
1776382020,1.1789672374725342,1.1789672374725342,1.1789672374725342,1.1789672374725342,0
1776382080,1.1789672374725342,1.1789672374725342,1.1789672374725342,1.1789672374725342,0
1776382140,1.1789672374725342,1.1789672374725342,1.1789672374725342,1.1789672374725342,0
1776382200,1.1789672374725342,1.1789672374725342,1.1789672374725342,1.1789672374725342,0
1776382260,1.1789672374725342,1.1789672374725342,1.1789672374725342,1.1789672374725342,0
1776382320,1.178828239440918,1.178828239440918,1.178828239440918,1.178828239440918,0
1776382380,1.178828239440918,1.178828239440918,1.178828239440918,1.178828239440918,0
1776382440,1.178828239440918,1.178828239440918,1.178828239440918,1.178828239440918,0
1776382500,1.178828239440918,1.178828239440918,1.178828239440918,1.178828239440918,0
1776382560,1.178828239440918,1.178828239440918,1.178828239440918,1.178828239440918,0
1776382620,1.1786893606185913,1.1786893606185913,1.1786893606185913,1.1786893606185913,0
1776382680,1.178828239440918,1.178828239440918,1.178828239440918,1.178828239440918,0
1776382740,1.178828239440918,1.178828239440918,1.178828239440918,1.178828239440918,0
1776382800,1.178828239440918,1.178828239440918,1.178828239440918,1.178828239440918,0
1776382860,1.178828239440918,1.178828239440918,1.178828239440918,1.178828239440918,0
1776382920,1.178828239440918,1.178828239440918,1.178828239440918,1.178828239440918,0
1776382980,1.178828239440918,1.178828239440918,1.178828239440918,1.178828239440918,0
1776383040,1.1786893606185913,1.1786893606185913,1.1786893606185913,1.1786893606185913,0
1776383100,1.1786893606185913,1.1786893606185913,1.1786893606185913,1.1786893606185913,0
1776383160,1.178828239440918,1.178828239440918,1.178828239440918,1.178828239440918,0
1776383220,1.1786893606185913,1.1786893606185913,1.1786893606185913,1.1786893606185913,0
1776383280,1.1786893606185913,1.1786893606185913,1.1786893606185913,1.1786893606185913,0
1776383340,1.1786893606185913,1.1786893606185913,1.1786893606185913,1.1786893606185913,0
1776383400,1.1786893606185913,1.1786893606185913,1.1786893606185913,1.1786893606185913,0
1776383460,1.178550362586975,1.178550362586975,1.178550362586975,1.178550362586975,0
1776383520,1.178550362586975,1.178550362586975,1.178550362586975,1.178550362586975,0
1776383580,1.178550362586975,1.178550362586975,1.178550362586975,1.178550362586975,0
1776383640,1.178550362586975,1.178550362586975,1.178550362586975,1.178550362586975,0
1776383700,1.178550362586975,1.178550362586975,1.178550362586975,1.178550362586975,0
1776383760,1.178550362586975,1.178550362586975,1.178550362586975,1.178550362586975,0
1776383820,1.1784114837646484,1.1784114837646484,1.1784114837646484,1.1784114837646484,0
1776383880,1.1784114837646484,1.1784114837646484,1.1784114837646484,1.1784114837646484,0
1776383940,1.1784114837646484,1.1784114837646484,1.1784114837646484,1.1784114837646484,0
1776384000,1.1784114837646484,1.1784114837646484,1.1784114837646484,1.1784114837646484,0
1776384060,1.1782727241516113,1.1782727241516113,1.1782727241516113,1.1782727241516113,0
1776384120,1.1781338453292847,1.1781338453292847,1.1781338453292847,1.1781338453292847,0
1776384180,1.1782727241516113,1.1782727241516113,1.1782727241516113,1.1782727241516113,0
1776384240,1.1782727241516113,1.1782727241516113,1.1782727241516113,1.1782727241516113,0
1776384300,1.1781338453292847,1.1781338453292847,1.1781338453292847,1.1781338453292847,0
1776384360,1.1781338453292847,1.1781338453292847,1.1781338453292847,1.1781338453292847,0
1776384420,1.1781338453292847,1.1781338453292847,1.1781338453292847,1.1781338453292847,0
1776384480,1.1781338453292847,1.1781338453292847,1.1781338453292847,1.1781338453292847,0
1776384540,1.1781338453292847,1.1781338453292847,1.1781338453292847,1.1781338453292847,0
1776384600,1.1781338453292847,1.1781338453292847,1.1781338453292847,1.1781338453292847,0
1776384660,1.1784114837646484,1.1784114837646484,1.1784114837646484,1.1784114837646484,0
1776384720,1.1782727241516113,1.1782727241516113,1.1782727241516113,1.1782727241516113,0
1776384780,1.1782727241516113,1.1782727241516113,1.1782727241516113,1.1782727241516113,0
1776384840,1.1781338453292847,1.1781338453292847,1.1781338453292847,1.1781338453292847,0
1776384900,1.1781338453292847,1.1781338453292847,1.1781338453292847,1.1781338453292847,0
1776384960,1.1781338453292847,1.1781338453292847,1.1781338453292847,1.1781338453292847,0
1776385020,1.1782727241516113,1.1782727241516113,1.1782727241516113,1.1782727241516113,0
1776385080,1.1782727241516113,1.1782727241516113,1.1782727241516113,1.1782727241516113,0
1776385140,1.1784114837646484,1.1784114837646484,1.1784114837646484,1.1784114837646484,0
1776385200,1.1784114837646484,1.1784114837646484,1.1784114837646484,1.1784114837646484,0
1776385260,1.178550362586975,1.178550362586975,1.178550362586975,1.178550362586975,0
1776385320,1.1784114837646484,1.1784114837646484,1.1784114837646484,1.1784114837646484,0
1776385380,1.1784114837646484,1.1784114837646484,1.1784114837646484,1.1784114837646484,0
1776385440,1.1784114837646484,1.1784114837646484,1.1784114837646484,1.1784114837646484,0
1776385500,1.1784114837646484,1.1784114837646484,1.1784114837646484,1.1784114837646484,0
1776385560,1.1784114837646484,1.1784114837646484,1.1784114837646484,1.1784114837646484,0
1776385620,1.178550362586975,1.178550362586975,1.178550362586975,1.178550362586975,0
1776385680,1.1784114837646484,1.1784114837646484,1.1784114837646484,1.1784114837646484,0
1776385740,1.1784114837646484,1.1784114837646484,1.1784114837646484,1.1784114837646484,0
1776385800,1.1784114837646484,1.1784114837646484,1.1784114837646484,1.1784114837646484,0
1776385860,1.178550362586975,1.178550362586975,1.178550362586975,1.178550362586975,0
1776385920,1.1786893606185913,1.1786893606185913,1.1786893606185913,1.1786893606185913,0
1776385980,1.178550362586975,1.178550362586975,1.178550362586975,1.178550362586975,0
1776386040,1.1786893606185913,1.1786893606185913,1.1786893606185913,1.1786893606185913,0
1776386100,1.178550362586975,1.178550362586975,1.178550362586975,1.178550362586975,0
1776386160,1.178550362586975,1.178550362586975,1.178550362586975,1.178550362586975,0
1776386220,1.1784114837646484,1.1784114837646484,1.1784114837646484,1.1784114837646484,0
1776386280,1.1784114837646484,1.1784114837646484,1.1784114837646484,1.1784114837646484,0
1776386340,1.178550362586975,1.178550362586975,1.178550362586975,1.178550362586975,0
1776386400,1.178550362586975,1.178550362586975,1.178550362586975,1.178550362586975,0
1776386460,1.178550362586975,1.178550362586975,1.178550362586975,1.178550362586975,0
1776386520,1.178550362586975,1.178550362586975,1.178550362586975,1.178550362586975,0
1776386580,1.178550362586975,1.178550362586975,1.178550362586975,1.178550362586975,0
1776386640,1.178550362586975,1.178550362586975,1.178550362586975,1.178550362586975,0
1776386700,1.178550362586975,1.178550362586975,1.178550362586975,1.178550362586975,0
1776386760,1.178550362586975,1.178550362586975,1.178550362586975,1.178550362586975,0
1776386820,1.178550362586975,1.178550362586975,1.178550362586975,1.178550362586975,0
1776386880,1.178550362586975,1.178550362586975,1.178550362586975,1.178550362586975,0
1776386940,1.178550362586975,1.178550362586975,1.178550362586975,1.178550362586975,0
1776387000,1.178550362586975,1.178550362586975,1.178550362586975,1.178550362586975,0
1776387060,1.1784114837646484,1.1784114837646484,1.1784114837646484,1.1784114837646484,0
1776387120,1.1784114837646484,1.1784114837646484,1.1784114837646484,1.1784114837646484,0
1776387180,1.1784114837646484,1.1784114837646484,1.1784114837646484,1.1784114837646484,0
1776387240,1.1784114837646484,1.1784114837646484,1.1784114837646484,1.1784114837646484,0
1776387300,1.1782727241516113,1.1782727241516113,1.1782727241516113,1.1782727241516113,0
1776387360,1.1782727241516113,1.1782727241516113,1.1782727241516113,1.1782727241516113,0
1776387420,1.1782727241516113,1.1782727241516113,1.1782727241516113,1.1782727241516113,0
1776387480,1.1782727241516113,1.1782727241516113,1.1782727241516113,1.1782727241516113,0
1776387540,1.1782727241516113,1.1782727241516113,1.1782727241516113,1.1782727241516113,0
1776387600,1.1782727241516113,1.1782727241516113,1.1782727241516113,1.1782727241516113,0
1776387660,1.1782727241516113,1.1782727241516113,1.1782727241516113,1.1782727241516113,0
1776387720,1.1782727241516113,1.1782727241516113,1.1782727241516113,1.1782727241516113,0
1776387780,1.1782727241516113,1.1782727241516113,1.1782727241516113,1.1782727241516113,0
1776387840,1.1781338453292847,1.1781338453292847,1.1781338453292847,1.1781338453292847,0
1776387900,1.177994966506958,1.177994966506958,1.177994966506958,1.177994966506958,0
1776387960,1.177994966506958,1.177994966506958,1.177994966506958,1.177994966506958,0
1776388020,1.177994966506958,1.177994966506958,1.177994966506958,1.177994966506958,0
1776388080,1.1781338453292847,1.1781338453292847,1.1781338453292847,1.1781338453292847,0
1776388140,1.177994966506958,1.177994966506958,1.177994966506958,1.177994966506958,0
1776388200,1.1778563261032104,1.1778563261032104,1.1778563261032104,1.1778563261032104,0
1776388260,1.1778563261032104,1.1778563261032104,1.1778563261032104,1.1778563261032104,0
1776388320,1.1781338453292847,1.1781338453292847,1.1781338453292847,1.1781338453292847,0
1776388380,1.177994966506958,1.177994966506958,1.177994966506958,1.177994966506958,0
1776388440,1.177994966506958,1.177994966506958,1.177994966506958,1.177994966506958,0
1776388500,1.177994966506958,1.177994966506958,1.177994966506958,1.177994966506958,0
1776388560,1.1781338453292847,1.1781338453292847,1.1781338453292847,1.1781338453292847,0
1776388620,1.1782727241516113,1.1782727241516113,1.1782727241516113,1.1782727241516113,0
1776388680,1.1781338453292847,1.1781338453292847,1.1781338453292847,1.1781338453292847,0
1776388740,1.1781338453292847,1.1781338453292847,1.1781338453292847,1.1781338453292847,0
1776388800,1.1781338453292847,1.1781338453292847,1.1781338453292847,1.1781338453292847,0
1776388860,1.1781338453292847,1.1781338453292847,1.1781338453292847,1.1781338453292847,0
1776388920,1.177994966506958,1.177994966506958,1.177994966506958,1.177994966506958,0
1776388980,1.177994966506958,1.177994966506958,1.177994966506958,1.177994966506958,0
1776389040,1.1778563261032104,1.1778563261032104,1.1778563261032104,1.1778563261032104,0
1776389100,1.177994966506958,1.177994966506958,1.177994966506958,1.177994966506958,0
1776389160,1.177994966506958,1.177994966506958,1.177994966506958,1.177994966506958,0
1776389220,1.1778563261032104,1.1778563261032104,1.1778563261032104,1.1778563261032104,0
1776389280,1.1778563261032104,1.1778563261032104,1.1778563261032104,1.1778563261032104,0
1776389340,1.1778563261032104,1.1778563261032104,1.1778563261032104,1.1778563261032104,0
1776389400,1.1778563261032104,1.1778563261032104,1.1778563261032104,1.1778563261032104,0
1776389460,1.177994966506958,1.177994966506958,1.177994966506958,1.177994966506958,0
1776389520,1.177994966506958,1.177994966506958,1.177994966506958,1.177994966506958,0
1776389580,1.177994966506958,1.177994966506958,1.177994966506958,1.177994966506958,0
1776389640,1.1778563261032104,1.1778563261032104,1.1778563261032104,1.1778563261032104,0
1776389700,1.177994966506958,1.177994966506958,1.177994966506958,1.177994966506958,0
1776389760,1.177994966506958,1.177994966506958,1.177994966506958,1.177994966506958,0
1776389820,1.177994966506958,1.177994966506958,1.177994966506958,1.177994966506958,0
1776389880,1.177994966506958,1.177994966506958,1.177994966506958,1.177994966506958,0
1776389940,1.177994966506958,1.177994966506958,1.177994966506958,1.177994966506958,0
1776390000,1.177994966506958,1.177994966506958,1.177994966506958,1.177994966506958,0
1776390060,1.177994966506958,1.177994966506958,1.177994966506958,1.177994966506958,0
1776390120,1.1778563261032104,1.1778563261032104,1.1778563261032104,1.1778563261032104,0
1776390180,1.1778563261032104,1.1778563261032104,1.1778563261032104,1.1778563261032104,0
1776390240,1.177994966506958,1.177994966506958,1.177994966506958,1.177994966506958,0
1776390300,1.177994966506958,1.177994966506958,1.177994966506958,1.177994966506958,0
1776390360,1.1781338453292847,1.1781338453292847,1.1781338453292847,1.1781338453292847,0
1776390420,1.177994966506958,1.177994966506958,1.177994966506958,1.177994966506958,0
1776390480,1.1781338453292847,1.1781338453292847,1.1781338453292847,1.1781338453292847,0
1776390540,1.1781338453292847,1.1781338453292847,1.1781338453292847,1.1781338453292847,0
1776390600,1.177994966506958,1.177994966506958,1.177994966506958,1.177994966506958,0
1776390660,1.177994966506958,1.177994966506958,1.177994966506958,1.177994966506958,0
1776390720,1.1781338453292847,1.1781338453292847,1.1781338453292847,1.1781338453292847,0
1776390780,1.177994966506958,1.177994966506958,1.177994966506958,1.177994966506958,0
1776390840,1.177994966506958,1.177994966506958,1.177994966506958,1.177994966506958,0
1776390900,1.177994966506958,1.177994966506958,1.177994966506958,1.177994966506958,0
1776390960,1.177994966506958,1.177994966506958,1.177994966506958,1.177994966506958,0
1776391020,1.177994966506958,1.177994966506958,1.177994966506958,1.177994966506958,0
1776391080,1.177994966506958,1.177994966506958,1.177994966506958,1.177994966506958,0
1776391140,1.177994966506958,1.177994966506958,1.177994966506958,1.177994966506958,0
1776391200,1.177994966506958,1.177994966506958,1.177994966506958,1.177994966506958,0
1776391260,1.177994966506958,1.177994966506958,1.177994966506958,1.177994966506958,0
1776391320,1.177994966506958,1.177994966506958,1.177994966506958,1.177994966506958,0
1776391380,1.177994966506958,1.177994966506958,1.177994966506958,1.177994966506958,0
1776391440,1.177994966506958,1.177994966506958,1.177994966506958,1.177994966506958,0
1776391500,1.177994966506958,1.177994966506958,1.177994966506958,1.177994966506958,0
1776391560,1.177994966506958,1.177994966506958,1.177994966506958,1.177994966506958,0
1776391620,1.1778563261032104,1.1778563261032104,1.1778563261032104,1.1778563261032104,0
1776391680,1.1778563261032104,1.1778563261032104,1.1778563261032104,1.1778563261032104,0
1776391740,1.177994966506958,1.177994966506958,1.177994966506958,1.177994966506958,0
1776391800,1.1778563261032104,1.1778563261032104,1.1778563261032104,1.1778563261032104,0
1776391860,1.1778563261032104,1.1778563261032104,1.1778563261032104,1.1778563261032104,0
1776391920,1.177994966506958,1.177994966506958,1.177994966506958,1.177994966506958,0
1776391980,1.1777175664901733,1.1777175664901733,1.1777175664901733,1.1777175664901733,0
1776392040,1.1777175664901733,1.1777175664901733,1.1777175664901733,1.1777175664901733,0
1776392100,1.1778563261032104,1.1778563261032104,1.1778563261032104,1.1778563261032104,0
1776392160,1.1778563261032104,1.1778563261032104,1.1778563261032104,1.1778563261032104,0
1776392220,1.1778563261032104,1.1778563261032104,1.1778563261032104,1.1778563261032104,0
1776392280,1.1778563261032104,1.1778563261032104,1.1778563261032104,1.1778563261032104,0
1776392340,1.1777175664901733,1.1777175664901733,1.1777175664901733,1.1777175664901733,0
1776392400,1.1778563261032104,1.1778563261032104,1.1778563261032104,1.1778563261032104,0
1776392460,1.1778563261032104,1.1778563261032104,1.1778563261032104,1.1778563261032104,0
1776392520,1.1778563261032104,1.1778563261032104,1.1778563261032104,1.1778563261032104,0
1776392580,1.1778563261032104,1.1778563261032104,1.1778563261032104,1.1778563261032104,0
1776392640,1.1778563261032104,1.1778563261032104,1.1778563261032104,1.1778563261032104,0
1776392700,1.1778563261032104,1.1778563261032104,1.1778563261032104,1.1778563261032104,0
1776392760,1.177994966506958,1.177994966506958,1.177994966506958,1.177994966506958,0
1776392820,1.177994966506958,1.177994966506958,1.177994966506958,1.177994966506958,0
1776392880,1.177994966506958,1.177994966506958,1.177994966506958,1.177994966506958,0
1776392940,1.1778563261032104,1.1778563261032104,1.1778563261032104,1.1778563261032104,0
1776393000,1.177994966506958,1.177994966506958,1.177994966506958,1.177994966506958,0
1776393060,1.1778563261032104,1.1778563261032104,1.1778563261032104,1.1778563261032104,0
1776393120,1.1778563261032104,1.1778563261032104,1.1778563261032104,1.1778563261032104,0
1776393180,1.1778563261032104,1.1778563261032104,1.1778563261032104,1.1778563261032104,0
1776393240,1.1778563261032104,1.1778563261032104,1.1778563261032104,1.1778563261032104,0
1776393300,1.177994966506958,1.177994966506958,1.177994966506958,1.177994966506958,0
1776393360,1.1778563261032104,1.1778563261032104,1.1778563261032104,1.1778563261032104,0
1776393420,1.177994966506958,1.177994966506958,1.177994966506958,1.177994966506958,0
1776393480,1.177994966506958,1.177994966506958,1.177994966506958,1.177994966506958,0
1776393540,1.177994966506958,1.177994966506958,1.177994966506958,1.177994966506958,0
1776393600,1.177994966506958,1.177994966506958,1.177994966506958,1.177994966506958,0
1776393660,1.1781338453292847,1.1781338453292847,1.1781338453292847,1.1781338453292847,0
1776393720,1.177994966506958,1.177994966506958,1.177994966506958,1.177994966506958,0
1776393780,1.177994966506958,1.177994966506958,1.177994966506958,1.177994966506958,0
1776393840,1.1778563261032104,1.1778563261032104,1.1778563261032104,1.1778563261032104,0
1776393900,1.177994966506958,1.177994966506958,1.177994966506958,1.177994966506958,0
1776393960,1.177994966506958,1.177994966506958,1.177994966506958,1.177994966506958,0
1776394020,1.177994966506958,1.177994966506958,1.177994966506958,1.177994966506958,0
1776394080,1.177994966506958,1.177994966506958,1.177994966506958,1.177994966506958,0
1776394140,1.177994966506958,1.177994966506958,1.177994966506958,1.177994966506958,0
1776394200,1.177994966506958,1.177994966506958,1.177994966506958,1.177994966506958,0
1776394260,1.177994966506958,1.177994966506958,1.177994966506958,1.177994966506958,0
1776394320,1.177994966506958,1.177994966506958,1.177994966506958,1.177994966506958,0
1776394380,1.177994966506958,1.177994966506958,1.177994966506958,1.177994966506958,0
1776394440,1.177994966506958,1.177994966506958,1.177994966506958,1.177994966506958,0
1776394500,1.177994966506958,1.177994966506958,1.177994966506958,1.177994966506958,0
1776394560,1.177994966506958,1.177994966506958,1.177994966506958,1.177994966506958,0
1776394620,1.1781338453292847,1.1781338453292847,1.1781338453292847,1.1781338453292847,0
1776394680,1.1781338453292847,1.1781338453292847,1.1781338453292847,1.1781338453292847,0
1776394740,1.1781338453292847,1.1781338453292847,1.1781338453292847,1.1781338453292847,0
1776394800,1.1781338453292847,1.1781338453292847,1.1781338453292847,1.1781338453292847,0
1776394860,1.1781338453292847,1.1781338453292847,1.1781338453292847,1.1781338453292847,0
1776394920,1.1781338453292847,1.1781338453292847,1.1781338453292847,1.1781338453292847,0
1776394980,1.1781338453292847,1.1781338453292847,1.1781338453292847,1.1781338453292847,0
1776395040,1.1781338453292847,1.1781338453292847,1.1781338453292847,1.1781338453292847,0
1776395100,1.1781338453292847,1.1781338453292847,1.1781338453292847,1.1781338453292847,0
1776395160,1.1781338453292847,1.1781338453292847,1.1781338453292847,1.1781338453292847,0
1776395220,1.1782727241516113,1.1782727241516113,1.1782727241516113,1.1782727241516113,0
1776395280,1.1782727241516113,1.1782727241516113,1.1782727241516113,1.1782727241516113,0
1776395340,1.1781338453292847,1.1781338453292847,1.1781338453292847,1.1781338453292847,0
1776395400,1.1781338453292847,1.1781338453292847,1.1781338453292847,1.1781338453292847,0
1776395460,1.1781338453292847,1.1781338453292847,1.1781338453292847,1.1781338453292847,0
1776395520,1.1781338453292847,1.1781338453292847,1.1781338453292847,1.1781338453292847,0
1776395580,1.1781338453292847,1.1781338453292847,1.1781338453292847,1.1781338453292847,0
1776395640,1.1781338453292847,1.1781338453292847,1.1781338453292847,1.1781338453292847,0
1776395700,1.1781338453292847,1.1781338453292847,1.1781338453292847,1.1781338453292847,0
1776395760,1.177994966506958,1.177994966506958,1.177994966506958,1.177994966506958,0
1776395820,1.177994966506958,1.177994966506958,1.177994966506958,1.177994966506958,0
1776395880,1.177994966506958,1.177994966506958,1.177994966506958,1.177994966506958,0
1776395940,1.177994966506958,1.177994966506958,1.177994966506958,1.177994966506958,0
1776396000,1.177994966506958,1.177994966506958,1.177994966506958,1.177994966506958,0
1776396060,1.1778563261032104,1.1778563261032104,1.1778563261032104,1.1778563261032104,0
1776396120,1.177994966506958,1.177994966506958,1.177994966506958,1.177994966506958,0
1776396180,1.177994966506958,1.177994966506958,1.177994966506958,1.177994966506958,0
1776396240,1.177994966506958,1.177994966506958,1.177994966506958,1.177994966506958,0
1776396300,1.177994966506958,1.177994966506958,1.177994966506958,1.177994966506958,0
1776396360,1.177994966506958,1.177994966506958,1.177994966506958,1.177994966506958,0
1776396420,1.1778563261032104,1.1778563261032104,1.1778563261032104,1.1778563261032104,0
1776396480,1.177994966506958,1.177994966506958,1.177994966506958,1.177994966506958,0
1776396540,1.177994966506958,1.177994966506958,1.177994966506958,1.177994966506958,0
1776396600,1.177994966506958,1.177994966506958,1.177994966506958,1.177994966506958,0
1776396660,1.177994966506958,1.177994966506958,1.177994966506958,1.177994966506958,0
1776396720,1.177994966506958,1.177994966506958,1.177994966506958,1.177994966506958,0
1776396780,1.177994966506958,1.177994966506958,1.177994966506958,1.177994966506958,0
1776396840,1.177994966506958,1.177994966506958,1.177994966506958,1.177994966506958,0
1776396900,1.177994966506958,1.177994966506958,1.177994966506958,1.177994966506958,0
1776396960,1.177994966506958,1.177994966506958,1.177994966506958,1.177994966506958,0
1776397020,1.177994966506958,1.177994966506958,1.177994966506958,1.177994966506958,0
1776397080,1.1781338453292847,1.1781338453292847,1.1781338453292847,1.1781338453292847,0
1776397140,1.1781338453292847,1.1781338453292847,1.1781338453292847,1.1781338453292847,0
1776397200,1.1781338453292847,1.1781338453292847,1.1781338453292847,1.1781338453292847,0
1776397260,1.1782727241516113,1.1782727241516113,1.1782727241516113,1.1782727241516113,0
1776397320,1.1782727241516113,1.1782727241516113,1.1782727241516113,1.1782727241516113,0
1776397380,1.1782727241516113,1.1782727241516113,1.1782727241516113,1.1782727241516113,0
1776397440,1.1784114837646484,1.1784114837646484,1.1784114837646484,1.1784114837646484,0
1776397500,1.1784114837646484,1.1784114837646484,1.1784114837646484,1.1784114837646484,0
1776397560,1.1784114837646484,1.1784114837646484,1.1784114837646484,1.1784114837646484,0
1776397620,1.1784114837646484,1.1784114837646484,1.1784114837646484,1.1784114837646484,0
1776397680,1.1784114837646484,1.1784114837646484,1.1784114837646484,1.1784114837646484,0
1776397740,1.178550362586975,1.178550362586975,1.178550362586975,1.178550362586975,0
1776397800,1.1786893606185913,1.1786893606185913,1.1786893606185913,1.1786893606185913,0
1776397860,1.1786893606185913,1.1786893606185913,1.1786893606185913,1.1786893606185913,0
1776397920,1.1786893606185913,1.1786893606185913,1.1786893606185913,1.1786893606185913,0
1776397980,1.1786893606185913,1.1786893606185913,1.1786893606185913,1.1786893606185913,0
1776398040,1.1786893606185913,1.1786893606185913,1.1786893606185913,1.1786893606185913,0
1776398100,1.1786893606185913,1.1786893606185913,1.1786893606185913,1.1786893606185913,0
1776398160,1.1786893606185913,1.1786893606185913,1.1786893606185913,1.1786893606185913,0
1776398220,1.178828239440918,1.178828239440918,1.178828239440918,1.178828239440918,0
1776398280,1.178828239440918,1.178828239440918,1.178828239440918,1.178828239440918,0
1776398340,1.1786893606185913,1.1786893606185913,1.1786893606185913,1.1786893606185913,0
1776398400,1.1786893606185913,1.1786893606185913,1.1786893606185913,1.1786893606185913,0
1776398460,1.1786893606185913,1.1786893606185913,1.1786893606185913,1.1786893606185913,0
1776398520,1.1786893606185913,1.1786893606185913,1.1786893606185913,1.1786893606185913,0
1776398580,1.1786893606185913,1.1786893606185913,1.1786893606185913,1.1786893606185913,0
1776398640,1.1786893606185913,1.1786893606185913,1.1786893606185913,1.1786893606185913,0
1776398700,1.1786893606185913,1.1786893606185913,1.1786893606185913,1.1786893606185913,0
1776398760,1.1786893606185913,1.1786893606185913,1.1786893606185913,1.1786893606185913,0
1776398820,1.1786893606185913,1.1786893606185913,1.1786893606185913,1.1786893606185913,0
1776398880,1.1786893606185913,1.1786893606185913,1.1786893606185913,1.1786893606185913,0
1776398940,1.178550362586975,1.178550362586975,1.178550362586975,1.178550362586975,0
1776399000,1.1786893606185913,1.1786893606185913,1.1786893606185913,1.1786893606185913,0
1776399060,1.1786893606185913,1.1786893606185913,1.1786893606185913,1.1786893606185913,0
1776399120,1.1786893606185913,1.1786893606185913,1.1786893606185913,1.1786893606185913,0
1776399180,1.1786893606185913,1.1786893606185913,1.1786893606185913,1.1786893606185913,0
1776399240,1.1786893606185913,1.1786893606185913,1.1786893606185913,1.1786893606185913,0
1776399300,1.1786893606185913,1.1786893606185913,1.1786893606185913,1.1786893606185913,0
1776399360,1.178550362586975,1.178550362586975,1.178550362586975,1.178550362586975,0
1776399420,1.178550362586975,1.178550362586975,1.178550362586975,1.178550362586975,0
1776399480,1.178550362586975,1.178550362586975,1.178550362586975,1.178550362586975,0
1776399540,1.178550362586975,1.178550362586975,1.178550362586975,1.178550362586975,0
1776399600,1.1786893606185913,1.1786893606185913,1.1786893606185913,1.1786893606185913,0
1776399660,1.1786893606185913,1.1786893606185913,1.1786893606185913,1.1786893606185913,0
1776399720,1.178550362586975,1.178550362586975,1.178550362586975,1.178550362586975,0
1776399780,1.178550362586975,1.178550362586975,1.178550362586975,1.178550362586975,0
1776399840,1.1786893606185913,1.1786893606185913,1.1786893606185913,1.1786893606185913,0
1776399900,1.1786893606185913,1.1786893606185913,1.1786893606185913,1.1786893606185913,0
1776399960,1.178550362586975,1.178550362586975,1.178550362586975,1.178550362586975,0
1776400020,1.178550362586975,1.178550362586975,1.178550362586975,1.178550362586975,0
1776400080,1.1786893606185913,1.1786893606185913,1.1786893606185913,1.1786893606185913,0
1776400140,1.1786893606185913,1.1786893606185913,1.1786893606185913,1.1786893606185913,0
1776400200,1.178550362586975,1.178550362586975,1.178550362586975,1.178550362586975,0
1776400260,1.178550362586975,1.178550362586975,1.178550362586975,1.178550362586975,0
1776400320,1.178550362586975,1.178550362586975,1.178550362586975,1.178550362586975,0
1776400380,1.178550362586975,1.178550362586975,1.178550362586975,1.178550362586975,0
1776400440,1.178550362586975,1.178550362586975,1.178550362586975,1.178550362586975,0
1776400500,1.178550362586975,1.178550362586975,1.178550362586975,1.178550362586975,0
1776400560,1.178550362586975,1.178550362586975,1.178550362586975,1.178550362586975,0
1776400620,1.178550362586975,1.178550362586975,1.178550362586975,1.178550362586975,0
1776400680,1.178550362586975,1.178550362586975,1.178550362586975,1.178550362586975,0
1776400740,1.178550362586975,1.178550362586975,1.178550362586975,1.178550362586975,0
1776400800,1.178550362586975,1.178550362586975,1.178550362586975,1.178550362586975,0
1776400860,1.1786893606185913,1.1786893606185913,1.1786893606185913,1.1786893606185913,0
1776400920,1.1786893606185913,1.1786893606185913,1.1786893606185913,1.1786893606185913,0
1776400980,1.1786893606185913,1.1786893606185913,1.1786893606185913,1.1786893606185913,0
1776401040,1.1786893606185913,1.1786893606185913,1.1786893606185913,1.1786893606185913,0
1776401100,1.1786893606185913,1.1786893606185913,1.1786893606185913,1.1786893606185913,0
1776401160,1.1786893606185913,1.1786893606185913,1.1786893606185913,1.1786893606185913,0
1776401220,1.178550362586975,1.178550362586975,1.178550362586975,1.178550362586975,0
1776401280,1.1786893606185913,1.1786893606185913,1.1786893606185913,1.1786893606185913,0
1776401340,1.1786893606185913,1.1786893606185913,1.1786893606185913,1.1786893606185913,0
1776401400,1.1786893606185913,1.1786893606185913,1.1786893606185913,1.1786893606185913,0
1776401460,1.178828239440918,1.178828239440918,1.178828239440918,1.178828239440918,0
1776401520,1.178828239440918,1.178828239440918,1.178828239440918,1.178828239440918,0
1776401580,1.1786893606185913,1.1786893606185913,1.1786893606185913,1.1786893606185913,0
1776401640,1.1786893606185913,1.1786893606185913,1.1786893606185913,1.1786893606185913,0
1776401700,1.1786893606185913,1.1786893606185913,1.1786893606185913,1.1786893606185913,0
1776401760,1.1786893606185913,1.1786893606185913,1.1786893606185913,1.1786893606185913,0
1776401820,1.178550362586975,1.178550362586975,1.178550362586975,1.178550362586975,0
1776401880,1.178550362586975,1.178550362586975,1.178550362586975,1.178550362586975,0
1776401940,1.1786893606185913,1.1786893606185913,1.1786893606185913,1.1786893606185913,0
1776402000,1.178550362586975,1.178550362586975,1.178550362586975,1.178550362586975,0
1776402060,1.1786893606185913,1.1786893606185913,1.1786893606185913,1.1786893606185913,0
1776402120,1.178550362586975,1.178550362586975,1.178550362586975,1.178550362586975,0
1776402180,1.1784114837646484,1.1784114837646484,1.1784114837646484,1.1784114837646484,0
1776402240,1.1784114837646484,1.1784114837646484,1.1784114837646484,1.1784114837646484,0
1776402300,1.178550362586975,1.178550362586975,1.178550362586975,1.178550362586975,0
1776402360,1.178550362586975,1.178550362586975,1.178550362586975,1.178550362586975,0
1776402420,1.178550362586975,1.178550362586975,1.178550362586975,1.178550362586975,0
1776402480,1.178550362586975,1.178550362586975,1.178550362586975,1.178550362586975,0
1776402540,1.178550362586975,1.178550362586975,1.178550362586975,1.178550362586975,0
1776402600,1.178550362586975,1.178550362586975,1.178550362586975,1.178550362586975,0
1776402660,1.178550362586975,1.178550362586975,1.178550362586975,1.178550362586975,0
1776402720,1.178550362586975,1.178550362586975,1.178550362586975,1.178550362586975,0
1776402780,1.178550362586975,1.178550362586975,1.178550362586975,1.178550362586975,0
1776402840,1.178550362586975,1.178550362586975,1.178550362586975,1.178550362586975,0
1776402900,1.178550362586975,1.178550362586975,1.178550362586975,1.178550362586975,0
1776402960,1.178550362586975,1.178550362586975,1.178550362586975,1.178550362586975,0
1776403020,1.178550362586975,1.178550362586975,1.178550362586975,1.178550362586975,0
1776403080,1.178550362586975,1.178550362586975,1.178550362586975,1.178550362586975,0
1776403140,1.178550362586975,1.178550362586975,1.178550362586975,1.178550362586975,0
1776403200,1.178550362586975,1.178550362586975,1.178550362586975,1.178550362586975,0
1776403260,1.1786893606185913,1.1786893606185913,1.1786893606185913,1.1786893606185913,0
1776403320,1.178550362586975,1.178550362586975,1.178550362586975,1.178550362586975,0
1776403380,1.178550362586975,1.178550362586975,1.178550362586975,1.178550362586975,0
1776403440,1.178550362586975,1.178550362586975,1.178550362586975,1.178550362586975,0
1776403500,1.1786893606185913,1.1786893606185913,1.1786893606185913,1.1786893606185913,0
1776403560,1.1786893606185913,1.1786893606185913,1.1786893606185913,1.1786893606185913,0
1776403620,1.1786893606185913,1.1786893606185913,1.1786893606185913,1.1786893606185913,0
1776403680,1.1786893606185913,1.1786893606185913,1.1786893606185913,1.1786893606185913,0
1776403740,1.1786893606185913,1.1786893606185913,1.1786893606185913,1.1786893606185913,0
1776403800,1.178828239440918,1.178828239440918,1.178828239440918,1.178828239440918,0
1776403860,1.178550362586975,1.178550362586975,1.178550362586975,1.178550362586975,0
1776403920,1.178550362586975,1.178550362586975,1.178550362586975,1.178550362586975,0
1776403980,1.1784114837646484,1.1784114837646484,1.1784114837646484,1.1784114837646484,0
1776404040,1.178550362586975,1.178550362586975,1.178550362586975,1.178550362586975,0
1776404100,1.178550362586975,1.178550362586975,1.178550362586975,1.178550362586975,0
1776404160,1.178550362586975,1.178550362586975,1.178550362586975,1.178550362586975,0
1776404220,1.178550362586975,1.178550362586975,1.178550362586975,1.178550362586975,0
1776404280,1.1786893606185913,1.1786893606185913,1.1786893606185913,1.1786893606185913,0
1776404340,1.1786893606185913,1.1786893606185913,1.1786893606185913,1.1786893606185913,0
1776404400,1.178550362586975,1.178550362586975,1.178550362586975,1.178550362586975,0
1776404460,1.1786893606185913,1.1786893606185913,1.1786893606185913,1.1786893606185913,0
1776404520,1.1786893606185913,1.1786893606185913,1.1786893606185913,1.1786893606185913,0
1776404580,1.178550362586975,1.178550362586975,1.178550362586975,1.178550362586975,0
1776404640,1.178550362586975,1.178550362586975,1.178550362586975,1.178550362586975,0
1776404700,1.178550362586975,1.178550362586975,1.178550362586975,1.178550362586975,0
1776404760,1.178550362586975,1.178550362586975,1.178550362586975,1.178550362586975,0
1776404820,1.178550362586975,1.178550362586975,1.178550362586975,1.178550362586975,0
1776404880,1.178550362586975,1.178550362586975,1.178550362586975,1.178550362586975,0
1776404940,1.178550362586975,1.178550362586975,1.178550362586975,1.178550362586975,0
1776405000,1.178550362586975,1.178550362586975,1.178550362586975,1.178550362586975,0
1776405060,1.1786893606185913,1.1786893606185913,1.1786893606185913,1.1786893606185913,0
1776405120,1.1786893606185913,1.1786893606185913,1.1786893606185913,1.1786893606185913,0
1776405180,1.178550362586975,1.178550362586975,1.178550362586975,1.178550362586975,0
1776405240,1.1786893606185913,1.1786893606185913,1.1786893606185913,1.1786893606185913,0
1776405300,1.1786893606185913,1.1786893606185913,1.1786893606185913,1.1786893606185913,0
1776405360,1.1786893606185913,1.1786893606185913,1.1786893606185913,1.1786893606185913,0
1776405420,1.178550362586975,1.178550362586975,1.178550362586975,1.178550362586975,0
1776405480,1.178550362586975,1.178550362586975,1.178550362586975,1.178550362586975,0
1776405540,1.178550362586975,1.178550362586975,1.178550362586975,1.178550362586975,0
1776405600,1.1782727241516113,1.1782727241516113,1.1782727241516113,1.1782727241516113,0
1776405660,1.1784114837646484,1.1784114837646484,1.1784114837646484,1.1784114837646484,0
1776405720,1.178550362586975,1.178550362586975,1.178550362586975,1.178550362586975,0
1776405780,1.1784114837646484,1.1784114837646484,1.1784114837646484,1.1784114837646484,0
1776405840,1.1784114837646484,1.1784114837646484,1.1784114837646484,1.1784114837646484,0
1776405900,1.1784114837646484,1.1784114837646484,1.1784114837646484,1.1784114837646484,0
1776405960,1.178550362586975,1.178550362586975,1.178550362586975,1.178550362586975,0
1776406020,1.178550362586975,1.178550362586975,1.178550362586975,1.178550362586975,0
1776406080,1.1784114837646484,1.1784114837646484,1.1784114837646484,1.1784114837646484,0
1776406140,1.1784114837646484,1.1784114837646484,1.1784114837646484,1.1784114837646484,0
1776406200,1.1781338453292847,1.1781338453292847,1.1781338453292847,1.1781338453292847,0
1776406260,1.1781338453292847,1.1781338453292847,1.1781338453292847,1.1781338453292847,0
1776406320,1.1781338453292847,1.1781338453292847,1.1781338453292847,1.1781338453292847,0
1776406380,1.1782727241516113,1.1782727241516113,1.1782727241516113,1.1782727241516113,0
1776406440,1.1782727241516113,1.1782727241516113,1.1782727241516113,1.1782727241516113,0
1776406500,1.1781338453292847,1.1781338453292847,1.1781338453292847,1.1781338453292847,0
1776406560,1.1781338453292847,1.1781338453292847,1.1781338453292847,1.1781338453292847,0
1776406620,1.1781338453292847,1.1781338453292847,1.1781338453292847,1.1781338453292847,0
1776406680,1.1781338453292847,1.1781338453292847,1.1781338453292847,1.1781338453292847,0
1776406740,1.177994966506958,1.177994966506958,1.177994966506958,1.177994966506958,0
1776406800,1.177994966506958,1.177994966506958,1.177994966506958,1.177994966506958,0
1776406860,1.177994966506958,1.177994966506958,1.177994966506958,1.177994966506958,0
1776406920,1.1781338453292847,1.1781338453292847,1.1781338453292847,1.1781338453292847,0
1776406980,1.1781338453292847,1.1781338453292847,1.1781338453292847,1.1781338453292847,0
1776407040,1.1781338453292847,1.1781338453292847,1.1781338453292847,1.1781338453292847,0
1776407100,1.1781338453292847,1.1781338453292847,1.1781338453292847,1.1781338453292847,0
1776407160,1.1781338453292847,1.1781338453292847,1.1781338453292847,1.1781338453292847,0
1776407220,1.1781338453292847,1.1781338453292847,1.1781338453292847,1.1781338453292847,0
1776407280,1.1781338453292847,1.1781338453292847,1.1781338453292847,1.1781338453292847,0
1776407340,1.177994966506958,1.177994966506958,1.177994966506958,1.177994966506958,0
1776407400,1.1778563261032104,1.1778563261032104,1.1778563261032104,1.1778563261032104,0
1776407460,1.1778563261032104,1.1778563261032104,1.1778563261032104,1.1778563261032104,0
1776407520,1.1778563261032104,1.1778563261032104,1.1778563261032104,1.1778563261032104,0
1776407580,1.1778563261032104,1.1778563261032104,1.1778563261032104,1.1778563261032104,0
1776407640,1.1777175664901733,1.1777175664901733,1.1777175664901733,1.1777175664901733,0
1776407700,1.1778563261032104,1.1778563261032104,1.1778563261032104,1.1778563261032104,0
1776407760,1.1777175664901733,1.1777175664901733,1.1777175664901733,1.1777175664901733,0
1776407820,1.1777175664901733,1.1777175664901733,1.1777175664901733,1.1777175664901733,0
1776407880,1.1777175664901733,1.1777175664901733,1.1777175664901733,1.1777175664901733,0
1776407940,1.1777175664901733,1.1777175664901733,1.1777175664901733,1.1777175664901733,0
1776408000,1.1777175664901733,1.1777175664901733,1.1777175664901733,1.1777175664901733,0
1776408060,1.1777175664901733,1.1777175664901733,1.1777175664901733,1.1777175664901733,0
1776408120,1.1777175664901733,1.1777175664901733,1.1777175664901733,1.1777175664901733,0
1776408180,1.1777175664901733,1.1777175664901733,1.1777175664901733,1.1777175664901733,0
1776408240,1.1777175664901733,1.1777175664901733,1.1777175664901733,1.1777175664901733,0
1776408300,1.1777175664901733,1.1777175664901733,1.1777175664901733,1.1777175664901733,0
1776408360,1.1778563261032104,1.1778563261032104,1.1778563261032104,1.1778563261032104,0
1776408420,1.1778563261032104,1.1778563261032104,1.1778563261032104,1.1778563261032104,0
1776408480,1.1778563261032104,1.1778563261032104,1.1778563261032104,1.1778563261032104,0
1776408540,1.1778563261032104,1.1778563261032104,1.1778563261032104,1.1778563261032104,0
1776408600,1.177994966506958,1.177994966506958,1.177994966506958,1.177994966506958,0
1776408660,1.1781338453292847,1.1781338453292847,1.1781338453292847,1.1781338453292847,0
1776408720,1.1781338453292847,1.1781338453292847,1.1781338453292847,1.1781338453292847,0
1776408780,1.177994966506958,1.177994966506958,1.177994966506958,1.177994966506958,0
1776408840,1.177994966506958,1.177994966506958,1.177994966506958,1.177994966506958,0
1776408900,1.1778563261032104,1.1778563261032104,1.1778563261032104,1.1778563261032104,0
1776408960,1.1778563261032104,1.1778563261032104,1.1778563261032104,1.1778563261032104,0
1776409020,1.177994966506958,1.177994966506958,1.177994966506958,1.177994966506958,0
1776409080,1.1778563261032104,1.1778563261032104,1.1778563261032104,1.1778563261032104,0
1776409140,1.1778563261032104,1.1778563261032104,1.1778563261032104,1.1778563261032104,0
1776409200,1.177994966506958,1.177994966506958,1.177994966506958,1.177994966506958,0
1776409260,1.1781338453292847,1.1781338453292847,1.1781338453292847,1.1781338453292847,0
1776409320,1.1781338453292847,1.1781338453292847,1.1781338453292847,1.1781338453292847,0
1776409380,1.1781338453292847,1.1781338453292847,1.1781338453292847,1.1781338453292847,0
1776409440,1.1781338453292847,1.1781338453292847,1.1781338453292847,1.1781338453292847,0
1776409500,1.177994966506958,1.177994966506958,1.177994966506958,1.177994966506958,0
1776409560,1.1782727241516113,1.1782727241516113,1.1782727241516113,1.1782727241516113,0
1776409620,1.1782727241516113,1.1782727241516113,1.1782727241516113,1.1782727241516113,0
1776409680,1.1782727241516113,1.1782727241516113,1.1782727241516113,1.1782727241516113,0
1776409740,1.1782727241516113,1.1782727241516113,1.1782727241516113,1.1782727241516113,0
1776409800,1.1781338453292847,1.1781338453292847,1.1781338453292847,1.1781338453292847,0
1776409860,1.1781338453292847,1.1781338453292847,1.1781338453292847,1.1781338453292847,0
1776409920,1.1781338453292847,1.1781338453292847,1.1781338453292847,1.1781338453292847,0
1776409980,1.1781338453292847,1.1781338453292847,1.1781338453292847,1.1781338453292847,0
1776410040,1.1781338453292847,1.1781338453292847,1.1781338453292847,1.1781338453292847,0
1776410100,1.1781338453292847,1.1781338453292847,1.1781338453292847,1.1781338453292847,0
1776410160,1.1781338453292847,1.1781338453292847,1.1781338453292847,1.1781338453292847,0
1776410220,1.1778563261032104,1.1778563261032104,1.1778563261032104,1.1778563261032104,0
1776410280,1.177994966506958,1.177994966506958,1.177994966506958,1.177994966506958,0
1776410340,1.177994966506958,1.177994966506958,1.177994966506958,1.177994966506958,0
1776410400,1.1782727241516113,1.1782727241516113,1.1782727241516113,1.1782727241516113,0
1776410460,1.177994966506958,1.177994966506958,1.177994966506958,1.177994966506958,0
1776410520,1.1781338453292847,1.1781338453292847,1.1781338453292847,1.1781338453292847,0
1776410580,1.1781338453292847,1.1781338453292847,1.1781338453292847,1.1781338453292847,0
1776410640,1.1781338453292847,1.1781338453292847,1.1781338453292847,1.1781338453292847,0
1776410700,1.1782727241516113,1.1782727241516113,1.1782727241516113,1.1782727241516113,0
1776410760,1.1782727241516113,1.1782727241516113,1.1782727241516113,1.1782727241516113,0
1776410820,1.1784114837646484,1.1784114837646484,1.1784114837646484,1.1784114837646484,0
1776410880,1.1784114837646484,1.1784114837646484,1.1784114837646484,1.1784114837646484,0
1776410940,1.1784114837646484,1.1784114837646484,1.1784114837646484,1.1784114837646484,0
1776411000,1.1784114837646484,1.1784114837646484,1.1784114837646484,1.1784114837646484,0
1776411060,1.1784114837646484,1.1784114837646484,1.1784114837646484,1.1784114837646484,0
1776411120,1.1784114837646484,1.1784114837646484,1.1784114837646484,1.1784114837646484,0
1776411180,1.1784114837646484,1.1784114837646484,1.1784114837646484,1.1784114837646484,0
1776411240,1.1784114837646484,1.1784114837646484,1.1784114837646484,1.1784114837646484,0
1776411300,1.1784114837646484,1.1784114837646484,1.1784114837646484,1.1784114837646484,0
1776411360,1.1781338453292847,1.1781338453292847,1.1781338453292847,1.1781338453292847,0
1776411420,1.1781338453292847,1.1781338453292847,1.1781338453292847,1.1781338453292847,0
1776411480,1.1782727241516113,1.1782727241516113,1.1782727241516113,1.1782727241516113,0
1776411540,1.1782727241516113,1.1782727241516113,1.1782727241516113,1.1782727241516113,0
1776411600,1.1782727241516113,1.1782727241516113,1.1782727241516113,1.1782727241516113,0
1776411660,1.1782727241516113,1.1782727241516113,1.1782727241516113,1.1782727241516113,0
1776411720,1.1782727241516113,1.1782727241516113,1.1782727241516113,1.1782727241516113,0
1776411780,1.177994966506958,1.177994966506958,1.177994966506958,1.177994966506958,0
1776411840,1.1781338453292847,1.1781338453292847,1.1781338453292847,1.1781338453292847,0
1776411900,1.1784114837646484,1.1784114837646484,1.1784114837646484,1.1784114837646484,0
1776411960,1.1784114837646484,1.1784114837646484,1.1784114837646484,1.1784114837646484,0
1776412020,1.1784114837646484,1.1784114837646484,1.1784114837646484,1.1784114837646484,0
1776412080,1.1784114837646484,1.1784114837646484,1.1784114837646484,1.1784114837646484,0
1776412140,1.1784114837646484,1.1784114837646484,1.1784114837646484,1.1784114837646484,0
1776412200,1.1784114837646484,1.1784114837646484,1.1784114837646484,1.1784114837646484,0
1776412260,1.1784114837646484,1.1784114837646484,1.1784114837646484,1.1784114837646484,0
1776412320,1.1784114837646484,1.1784114837646484,1.1784114837646484,1.1784114837646484,0
1776412380,1.1784114837646484,1.1784114837646484,1.1784114837646484,1.1784114837646484,0
1776412440,1.1784114837646484,1.1784114837646484,1.1784114837646484,1.1784114837646484,0
1776412500,1.1784114837646484,1.1784114837646484,1.1784114837646484,1.1784114837646484,0
1776412560,1.178550362586975,1.178550362586975,1.178550362586975,1.178550362586975,0
1776412620,1.178550362586975,1.178550362586975,1.178550362586975,1.178550362586975,0
1776412680,1.178550362586975,1.178550362586975,1.178550362586975,1.178550362586975,0
1776412740,1.178550362586975,1.178550362586975,1.178550362586975,1.178550362586975,0
1776412800,1.1786893606185913,1.1786893606185913,1.1786893606185913,1.1786893606185913,0
1776412860,1.1786893606185913,1.1786893606185913,1.1786893606185913,1.1786893606185913,0
1776412920,1.1786893606185913,1.1786893606185913,1.1786893606185913,1.1786893606185913,0
1776412980,1.178550362586975,1.178550362586975,1.178550362586975,1.178550362586975,0
1776413040,1.178550362586975,1.178550362586975,1.178550362586975,1.178550362586975,0
1776413100,1.1786893606185913,1.1786893606185913,1.1786893606185913,1.1786893606185913,0
1776413160,1.178550362586975,1.178550362586975,1.178550362586975,1.178550362586975,0
1776413220,1.1786893606185913,1.1786893606185913,1.1786893606185913,1.1786893606185913,0
1776413280,1.1786893606185913,1.1786893606185913,1.1786893606185913,1.1786893606185913,0
1776413340,1.1786893606185913,1.1786893606185913,1.1786893606185913,1.1786893606185913,0
1776413400,1.178550362586975,1.178550362586975,1.178550362586975,1.178550362586975,0
1776413460,1.178550362586975,1.178550362586975,1.178550362586975,1.178550362586975,0
1776413520,1.1786893606185913,1.1786893606185913,1.1786893606185913,1.1786893606185913,0
1776413580,1.1786893606185913,1.1786893606185913,1.1786893606185913,1.1786893606185913,0
1776413640,1.1786893606185913,1.1786893606185913,1.1786893606185913,1.1786893606185913,0
1776413700,1.178550362586975,1.178550362586975,1.178550362586975,1.178550362586975,0
1776413760,1.1786893606185913,1.1786893606185913,1.1786893606185913,1.1786893606185913,0
1776413820,1.1786893606185913,1.1786893606185913,1.1786893606185913,1.1786893606185913,0
1776413880,1.178550362586975,1.178550362586975,1.178550362586975,1.178550362586975,0
1776413940,1.178550362586975,1.178550362586975,1.178550362586975,1.178550362586975,0
1776414000,1.1786893606185913,1.1786893606185913,1.1786893606185913,1.1786893606185913,0
1776414060,1.1786893606185913,1.1786893606185913,1.1786893606185913,1.1786893606185913,0
1776414120,1.178550362586975,1.178550362586975,1.178550362586975,1.178550362586975,0
1776414180,1.1784114837646484,1.1784114837646484,1.1784114837646484,1.1784114837646484,0
1776414240,1.1784114837646484,1.1784114837646484,1.1784114837646484,1.1784114837646484,0
1776414300,1.178550362586975,1.178550362586975,1.178550362586975,1.178550362586975,0
1776414360,1.178550362586975,1.178550362586975,1.178550362586975,1.178550362586975,0
1776414420,1.178550362586975,1.178550362586975,1.178550362586975,1.178550362586975,0
1776414480,1.178550362586975,1.178550362586975,1.178550362586975,1.178550362586975,0
1776414540,1.1786893606185913,1.1786893606185913,1.1786893606185913,1.1786893606185913,0
1776414600,1.1786893606185913,1.1786893606185913,1.1786893606185913,1.1786893606185913,0
1776414660,1.178828239440918,1.178828239440918,1.178828239440918,1.178828239440918,0
1776414720,1.178828239440918,1.178828239440918,1.178828239440918,1.178828239440918,0
1776414780,1.178828239440918,1.178828239440918,1.178828239440918,1.178828239440918,0
1776414840,1.178828239440918,1.178828239440918,1.178828239440918,1.178828239440918,0
1776414900,1.178828239440918,1.178828239440918,1.178828239440918,1.178828239440918,0
1776414960,1.178828239440918,1.178828239440918,1.178828239440918,1.178828239440918,0
1776415020,1.1786893606185913,1.1786893606185913,1.1786893606185913,1.1786893606185913,0
1776415080,1.1786893606185913,1.1786893606185913,1.1786893606185913,1.1786893606185913,0
1776415140,1.1786893606185913,1.1786893606185913,1.1786893606185913,1.1786893606185913,0
1776415200,1.178828239440918,1.178828239440918,1.178828239440918,1.178828239440918,0
1776415260,1.1791062355041504,1.1791062355041504,1.1791062355041504,1.1791062355041504,0
1776415320,1.1791062355041504,1.1791062355041504,1.1791062355041504,1.1791062355041504,0
1776415380,1.1791062355041504,1.1791062355041504,1.1791062355041504,1.1791062355041504,0
1776415440,1.1793843507766724,1.1793843507766724,1.1793843507766724,1.1793843507766724,0
1776415500,1.1795234680175781,1.1795234680175781,1.1795234680175781,1.1795234680175781,0
1776415560,1.1793843507766724,1.1793843507766724,1.1793843507766724,1.1793843507766724,0
1776415620,1.1793843507766724,1.1793843507766724,1.1793843507766724,1.1793843507766724,0
1776415680,1.1793843507766724,1.1793843507766724,1.1793843507766724,1.1793843507766724,0
1776415740,1.1793843507766724,1.1793843507766724,1.1793843507766724,1.1793843507766724,0
1776415800,1.1795234680175781,1.1795234680175781,1.1795234680175781,1.1795234680175781,0
1776415860,1.1796625852584839,1.1796625852584839,1.1796625852584839,1.1796625852584839,0
1776415920,1.1796625852584839,1.1796625852584839,1.1796625852584839,1.1796625852584839,0
1776415980,1.1796625852584839,1.1796625852584839,1.1796625852584839,1.1796625852584839,0
1776416040,1.1796625852584839,1.1796625852584839,1.1796625852584839,1.1796625852584839,0
1776416100,1.1796625852584839,1.1796625852584839,1.1796625852584839,1.1796625852584839,0
1776416160,1.1796625852584839,1.1796625852584839,1.1796625852584839,1.1796625852584839,0
1776416220,1.1798018217086792,1.1798018217086792,1.1798018217086792,1.1798018217086792,0
1776416280,1.1798018217086792,1.1798018217086792,1.1798018217086792,1.1798018217086792,0
1776416340,1.1798018217086792,1.1798018217086792,1.1798018217086792,1.1798018217086792,0
1776416400,1.1798018217086792,1.1798018217086792,1.1798018217086792,1.1798018217086792,0
1776416460,1.179940938949585,1.179940938949585,1.179940938949585,1.179940938949585,0
1776416520,1.1798018217086792,1.1798018217086792,1.1798018217086792,1.1798018217086792,0
1776416580,1.179940938949585,1.179940938949585,1.179940938949585,1.179940938949585,0
1776416640,1.179940938949585,1.179940938949585,1.179940938949585,1.179940938949585,0
1776416700,1.1798018217086792,1.1798018217086792,1.1798018217086792,1.1798018217086792,0
1776416760,1.1796625852584839,1.1796625852584839,1.1796625852584839,1.1796625852584839,0
1776416820,1.1798018217086792,1.1798018217086792,1.1798018217086792,1.1798018217086792,0
1776416880,1.179940938949585,1.179940938949585,1.179940938949585,1.179940938949585,0
1776416940,1.1798018217086792,1.1798018217086792,1.1798018217086792,1.1798018217086792,0
1776417000,1.1796625852584839,1.1796625852584839,1.1796625852584839,1.1796625852584839,0
1776417060,1.1796625852584839,1.1796625852584839,1.1796625852584839,1.1796625852584839,0
1776417120,1.1796625852584839,1.1796625852584839,1.1796625852584839,1.1796625852584839,0
1776417180,1.1795234680175781,1.1795234680175781,1.1795234680175781,1.1795234680175781,0
1776417240,1.1795234680175781,1.1795234680175781,1.1795234680175781,1.1795234680175781,0
1776417300,1.1795234680175781,1.1795234680175781,1.1795234680175781,1.1795234680175781,0
1776417360,1.1795234680175781,1.1795234680175781,1.1795234680175781,1.1795234680175781,0
1776417420,1.1796625852584839,1.1796625852584839,1.1796625852584839,1.1796625852584839,0
1776417480,1.1795234680175781,1.1795234680175781,1.1795234680175781,1.1795234680175781,0
1776417540,1.1795234680175781,1.1795234680175781,1.1795234680175781,1.1795234680175781,0
1776417600,1.1796625852584839,1.1796625852584839,1.1796625852584839,1.1796625852584839,0
1776417660,1.1798018217086792,1.1798018217086792,1.1798018217086792,1.1798018217086792,0
1776417720,1.1798018217086792,1.1798018217086792,1.1798018217086792,1.1798018217086792,0
1776417780,1.1798018217086792,1.1798018217086792,1.1798018217086792,1.1798018217086792,0
1776417840,1.179940938949585,1.179940938949585,1.179940938949585,1.179940938949585,0
1776417900,1.1800801753997803,1.1800801753997803,1.1800801753997803,1.1800801753997803,0
1776417960,1.1800801753997803,1.1800801753997803,1.1800801753997803,1.1800801753997803,0
1776418020,1.1800801753997803,1.1800801753997803,1.1800801753997803,1.1800801753997803,0
1776418080,1.1802195310592651,1.1802195310592651,1.1802195310592651,1.1802195310592651,0
1776418140,1.1802195310592651,1.1802195310592651,1.1802195310592651,1.1802195310592651,0
1776418200,1.1802195310592651,1.1802195310592651,1.1802195310592651,1.1802195310592651,0
1776418260,1.1802195310592651,1.1802195310592651,1.1802195310592651,1.1802195310592651,0
1776418320,1.179940938949585,1.179940938949585,1.179940938949585,1.179940938949585,0
1776418380,1.1800801753997803,1.1800801753997803,1.1800801753997803,1.1800801753997803,0
1776418440,1.1800801753997803,1.1800801753997803,1.1800801753997803,1.1800801753997803,0
1776418500,1.1800801753997803,1.1800801753997803,1.1800801753997803,1.1800801753997803,0
1776418560,1.179940938949585,1.179940938949585,1.179940938949585,1.179940938949585,0
1776418620,1.1798018217086792,1.1798018217086792,1.1798018217086792,1.1798018217086792,0
1776418680,1.1798018217086792,1.1798018217086792,1.1798018217086792,1.1798018217086792,0
1776418740,1.1798018217086792,1.1798018217086792,1.1798018217086792,1.1798018217086792,0
1776418800,1.1798018217086792,1.1798018217086792,1.1798018217086792,1.1798018217086792,0
1776418860,1.1798018217086792,1.1798018217086792,1.1798018217086792,1.1798018217086792,0
1776418920,1.179940938949585,1.179940938949585,1.179940938949585,1.179940938949585,0
1776418980,1.179940938949585,1.179940938949585,1.179940938949585,1.179940938949585,0
1776419040,1.1798018217086792,1.1798018217086792,1.1798018217086792,1.1798018217086792,0
1776419100,1.1798018217086792,1.1798018217086792,1.1798018217086792,1.1798018217086792,0
1776419160,1.1796625852584839,1.1796625852584839,1.1796625852584839,1.1796625852584839,0
1776419220,1.1795234680175781,1.1795234680175781,1.1795234680175781,1.1795234680175781,0
1776419280,1.1795234680175781,1.1795234680175781,1.1795234680175781,1.1795234680175781,0
1776419340,1.1796625852584839,1.1796625852584839,1.1796625852584839,1.1796625852584839,0
1776419400,1.1796625852584839,1.1796625852584839,1.1796625852584839,1.1796625852584839,0
1776419460,1.1796625852584839,1.1796625852584839,1.1796625852584839,1.1796625852584839,0
1776419520,1.1796625852584839,1.1796625852584839,1.1796625852584839,1.1796625852584839,0
1776419580,1.1796625852584839,1.1796625852584839,1.1796625852584839,1.1796625852584839,0
1776419640,1.1796625852584839,1.1796625852584839,1.1796625852584839,1.1796625852584839,0
1776419700,1.1796625852584839,1.1796625852584839,1.1796625852584839,1.1796625852584839,0
1776419760,1.1796625852584839,1.1796625852584839,1.1796625852584839,1.1796625852584839,0
1776419820,1.1796625852584839,1.1796625852584839,1.1796625852584839,1.1796625852584839,0
1776419880,1.1796625852584839,1.1796625852584839,1.1796625852584839,1.1796625852584839,0
1776419940,1.1798018217086792,1.1798018217086792,1.1798018217086792,1.1798018217086792,0
1776420000,1.1796625852584839,1.1796625852584839,1.1796625852584839,1.1796625852584839,0
1776420060,1.1796625852584839,1.1796625852584839,1.1796625852584839,1.1796625852584839,0
1776420120,1.1795234680175781,1.1795234680175781,1.1795234680175781,1.1795234680175781,0
1776420180,1.1795234680175781,1.1795234680175781,1.1795234680175781,1.1795234680175781,0
1776420240,1.1796625852584839,1.1796625852584839,1.1796625852584839,1.1796625852584839,0
1776420300,1.1795234680175781,1.1795234680175781,1.1795234680175781,1.1795234680175781,0
1776420360,1.1796625852584839,1.1796625852584839,1.1796625852584839,1.1796625852584839,0
1776420420,1.1796625852584839,1.1796625852584839,1.1796625852584839,1.1796625852584839,0
1776420480,1.1795234680175781,1.1795234680175781,1.1795234680175781,1.1795234680175781,0
1776420540,1.1796625852584839,1.1796625852584839,1.1796625852584839,1.1796625852584839,0
1776420600,1.1796625852584839,1.1796625852584839,1.1796625852584839,1.1796625852584839,0
1776420660,1.1796625852584839,1.1796625852584839,1.1796625852584839,1.1796625852584839,0
1776420720,1.1796625852584839,1.1796625852584839,1.1796625852584839,1.1796625852584839,0
1776420780,1.1796625852584839,1.1796625852584839,1.1796625852584839,1.1796625852584839,0
1776420840,1.179940938949585,1.179940938949585,1.179940938949585,1.179940938949585,0
1776420900,1.1798018217086792,1.1798018217086792,1.1798018217086792,1.1798018217086792,0
1776420960,1.179940938949585,1.179940938949585,1.179940938949585,1.179940938949585,0
1776421020,1.179940938949585,1.179940938949585,1.179940938949585,1.179940938949585,0
1776421080,1.179940938949585,1.179940938949585,1.179940938949585,1.179940938949585,0
1776421140,1.179940938949585,1.179940938949585,1.179940938949585,1.179940938949585,0
1776421200,1.1798018217086792,1.1798018217086792,1.1798018217086792,1.1798018217086792,0
1776421260,1.1798018217086792,1.1798018217086792,1.1798018217086792,1.1798018217086792,0
1776421320,1.1798018217086792,1.1798018217086792,1.1798018217086792,1.1798018217086792,0
1776421380,1.1798018217086792,1.1798018217086792,1.1798018217086792,1.1798018217086792,0
1776421440,1.1798018217086792,1.1798018217086792,1.1798018217086792,1.1798018217086792,0
1776421500,1.1798018217086792,1.1798018217086792,1.1798018217086792,1.1798018217086792,0
1776421560,1.1798018217086792,1.1798018217086792,1.1798018217086792,1.1798018217086792,0
1776421620,1.1798018217086792,1.1798018217086792,1.1798018217086792,1.1798018217086792,0
1776421680,1.1798018217086792,1.1798018217086792,1.1798018217086792,1.1798018217086792,0
1776421740,1.1798018217086792,1.1798018217086792,1.1798018217086792,1.1798018217086792,0
1776421800,1.1798018217086792,1.1798018217086792,1.1798018217086792,1.1798018217086792,0
1776421860,1.1798018217086792,1.1798018217086792,1.1798018217086792,1.1798018217086792,0
1776421920,1.1795234680175781,1.1795234680175781,1.1795234680175781,1.1795234680175781,0
1776421980,1.1795234680175781,1.1795234680175781,1.1795234680175781,1.1795234680175781,0
1776422040,1.1796625852584839,1.1796625852584839,1.1796625852584839,1.1796625852584839,0
1776422100,1.1795234680175781,1.1795234680175781,1.1795234680175781,1.1795234680175781,0
1776422160,1.1796625852584839,1.1796625852584839,1.1796625852584839,1.1796625852584839,0
1776422220,1.1796625852584839,1.1796625852584839,1.1796625852584839,1.1796625852584839,0
1776422280,1.1798018217086792,1.1798018217086792,1.1798018217086792,1.1798018217086792,0
1776422340,1.179940938949585,1.179940938949585,1.179940938949585,1.179940938949585,0
1776422400,1.1798018217086792,1.1798018217086792,1.1798018217086792,1.1798018217086792,0
1776422460,1.1796625852584839,1.1796625852584839,1.1796625852584839,1.1796625852584839,0
1776422520,1.1796625852584839,1.1796625852584839,1.1796625852584839,1.1796625852584839,0
1776422580,1.1796625852584839,1.1796625852584839,1.1796625852584839,1.1796625852584839,0
1776422640,1.1796625852584839,1.1796625852584839,1.1796625852584839,1.1796625852584839,0
1776422700,1.1796625852584839,1.1796625852584839,1.1796625852584839,1.1796625852584839,0
1776422760,1.1798018217086792,1.1798018217086792,1.1798018217086792,1.1798018217086792,0
1776422820,1.1798018217086792,1.1798018217086792,1.1798018217086792,1.1798018217086792,0
1776422880,1.1798018217086792,1.1798018217086792,1.1798018217086792,1.1798018217086792,0
1776422940,1.1796625852584839,1.1796625852584839,1.1796625852584839,1.1796625852584839,0
1776423000,1.1798018217086792,1.1798018217086792,1.1798018217086792,1.1798018217086792,0
1776423060,1.1798018217086792,1.1798018217086792,1.1798018217086792,1.1798018217086792,0
1776423120,1.1796625852584839,1.1796625852584839,1.1796625852584839,1.1796625852584839,0
1776423180,1.1798018217086792,1.1798018217086792,1.1798018217086792,1.1798018217086792,0
1776423240,1.179940938949585,1.179940938949585,1.179940938949585,1.179940938949585,0
1776423300,1.1798018217086792,1.1798018217086792,1.1798018217086792,1.1798018217086792,0
1776423360,1.1798018217086792,1.1798018217086792,1.1798018217086792,1.1798018217086792,0
1776423420,1.1798018217086792,1.1798018217086792,1.1798018217086792,1.1798018217086792,0
1776423480,1.1798018217086792,1.1798018217086792,1.1798018217086792,1.1798018217086792,0
1776423540,1.1798018217086792,1.1798018217086792,1.1798018217086792,1.1798018217086792,0
1776423600,1.1798018217086792,1.1798018217086792,1.1798018217086792,1.1798018217086792,0
1776423660,1.1798018217086792,1.1798018217086792,1.1798018217086792,1.1798018217086792,0
1776423720,1.1798018217086792,1.1798018217086792,1.1798018217086792,1.1798018217086792,0
1776423780,1.1798018217086792,1.1798018217086792,1.1798018217086792,1.1798018217086792,0
1776423840,1.1796625852584839,1.1796625852584839,1.1796625852584839,1.1796625852584839,0
1776423900,1.1796625852584839,1.1796625852584839,1.1796625852584839,1.1796625852584839,0
1776423960,1.1795234680175781,1.1795234680175781,1.1795234680175781,1.1795234680175781,0
1776424020,1.1796625852584839,1.1796625852584839,1.1796625852584839,1.1796625852584839,0
1776424080,1.1798018217086792,1.1798018217086792,1.1798018217086792,1.1798018217086792,0
1776424140,1.1798018217086792,1.1798018217086792,1.1798018217086792,1.1798018217086792,0
1776424200,1.1798018217086792,1.1798018217086792,1.1798018217086792,1.1798018217086792,0
1776424260,1.179940938949585,1.179940938949585,1.179940938949585,1.179940938949585,0
1776424320,1.179940938949585,1.179940938949585,1.179940938949585,1.179940938949585,0
1776424380,1.179940938949585,1.179940938949585,1.179940938949585,1.179940938949585,0
1776424440,1.179940938949585,1.179940938949585,1.179940938949585,1.179940938949585,0
1776424500,1.179940938949585,1.179940938949585,1.179940938949585,1.179940938949585,0
1776424560,1.179940938949585,1.179940938949585,1.179940938949585,1.179940938949585,0
1776424620,1.1800801753997803,1.1800801753997803,1.1800801753997803,1.1800801753997803,0
1776424680,1.1800801753997803,1.1800801753997803,1.1800801753997803,1.1800801753997803,0
1776424740,1.1800801753997803,1.1800801753997803,1.1800801753997803,1.1800801753997803,0
1776424800,1.1800801753997803,1.1800801753997803,1.1800801753997803,1.1800801753997803,0
1776424860,1.179940938949585,1.179940938949585,1.179940938949585,1.179940938949585,0
1776424920,1.1800801753997803,1.1800801753997803,1.1800801753997803,1.1800801753997803,0
1776424980,1.1800801753997803,1.1800801753997803,1.1800801753997803,1.1800801753997803,0
1776425040,1.1802195310592651,1.1802195310592651,1.1802195310592651,1.1802195310592651,0
1776425100,1.1800801753997803,1.1800801753997803,1.1800801753997803,1.1800801753997803,0
1776425160,1.1800801753997803,1.1800801753997803,1.1800801753997803,1.1800801753997803,0
1776425220,1.1802195310592651,1.1802195310592651,1.1802195310592651,1.1802195310592651,0
1776425280,1.1800801753997803,1.1800801753997803,1.1800801753997803,1.1800801753997803,0
1776425340,1.1800801753997803,1.1800801753997803,1.1800801753997803,1.1800801753997803,0
1776425400,1.1800801753997803,1.1800801753997803,1.1800801753997803,1.1800801753997803,0
1776425460,1.1800801753997803,1.1800801753997803,1.1800801753997803,1.1800801753997803,0
1776425520,1.179940938949585,1.179940938949585,1.179940938949585,1.179940938949585,0
1776425580,1.1800801753997803,1.1800801753997803,1.1800801753997803,1.1800801753997803,0
1776425640,1.1800801753997803,1.1800801753997803,1.1800801753997803,1.1800801753997803,0
1776425700,1.1800801753997803,1.1800801753997803,1.1800801753997803,1.1800801753997803,0
1776425760,1.1800801753997803,1.1800801753997803,1.1800801753997803,1.1800801753997803,0
1776425820,1.1800801753997803,1.1800801753997803,1.1800801753997803,1.1800801753997803,0
1776425880,1.1800801753997803,1.1800801753997803,1.1800801753997803,1.1800801753997803,0
1776425940,1.1800801753997803,1.1800801753997803,1.1800801753997803,1.1800801753997803,0
1776426000,1.179940938949585,1.179940938949585,1.179940938949585,1.179940938949585,0
1776426060,1.179940938949585,1.179940938949585,1.179940938949585,1.179940938949585,0
1776426120,1.1798018217086792,1.1798018217086792,1.1798018217086792,1.1798018217086792,0
1776426180,1.179940938949585,1.179940938949585,1.179940938949585,1.179940938949585,0
1776426240,1.1800801753997803,1.1800801753997803,1.1800801753997803,1.1800801753997803,0
1776426300,1.1800801753997803,1.1800801753997803,1.1800801753997803,1.1800801753997803,0
1776426360,1.1800801753997803,1.1800801753997803,1.1800801753997803,1.1800801753997803,0
1776426420,1.1800801753997803,1.1800801753997803,1.1800801753997803,1.1800801753997803,0
1776426480,1.1802195310592651,1.1802195310592651,1.1802195310592651,1.1802195310592651,0
1776426540,1.1802195310592651,1.1802195310592651,1.1802195310592651,1.1802195310592651,0
1776426600,1.1800801753997803,1.1800801753997803,1.1800801753997803,1.1800801753997803,0
1776426660,1.1800801753997803,1.1800801753997803,1.1800801753997803,1.1800801753997803,0
1776426720,1.1800801753997803,1.1800801753997803,1.1800801753997803,1.1800801753997803,0
1776426780,1.179940938949585,1.179940938949585,1.179940938949585,1.179940938949585,0
1776426840,1.179940938949585,1.179940938949585,1.179940938949585,1.179940938949585,0
1776426900,1.1798018217086792,1.1798018217086792,1.1798018217086792,1.1798018217086792,0
1776426960,1.1795234680175781,1.1795234680175781,1.1795234680175781,1.1795234680175781,0
1776427020,1.1796625852584839,1.1796625852584839,1.1796625852584839,1.1796625852584839,0
1776427080,1.1796625852584839,1.1796625852584839,1.1796625852584839,1.1796625852584839,0
1776427140,1.1798018217086792,1.1798018217086792,1.1798018217086792,1.1798018217086792,0
1776427200,1.1798018217086792,1.1798018217086792,1.1798018217086792,1.1798018217086792,0
1776427260,1.1798018217086792,1.1798018217086792,1.1798018217086792,1.1798018217086792,0
1776427320,1.1798018217086792,1.1798018217086792,1.1798018217086792,1.1798018217086792,0
1776427380,1.1800801753997803,1.1800801753997803,1.1800801753997803,1.1800801753997803,0
1776427440,1.1800801753997803,1.1800801753997803,1.1800801753997803,1.1800801753997803,0
1776427500,1.1802195310592651,1.1802195310592651,1.1802195310592651,1.1802195310592651,0
1776427560,1.18035888671875,1.18035888671875,1.18035888671875,1.18035888671875,0
1776427620,1.1802195310592651,1.1802195310592651,1.1802195310592651,1.1802195310592651,0
1776427680,1.1802195310592651,1.1802195310592651,1.1802195310592651,1.1802195310592651,0
1776427740,1.1800801753997803,1.1800801753997803,1.1800801753997803,1.1800801753997803,0
1776427800,1.179940938949585,1.179940938949585,1.179940938949585,1.179940938949585,0
1776427860,1.179940938949585,1.179940938949585,1.179940938949585,1.179940938949585,0
1776427920,1.179940938949585,1.179940938949585,1.179940938949585,1.179940938949585,0
1776427980,1.1802195310592651,1.1802195310592651,1.1802195310592651,1.1802195310592651,0
1776428040,1.1802195310592651,1.1802195310592651,1.1802195310592651,1.1802195310592651,0
1776428100,1.1802195310592651,1.1802195310592651,1.1802195310592651,1.1802195310592651,0
1776428160,1.1802195310592651,1.1802195310592651,1.1802195310592651,1.1802195310592651,0
1776428220,1.1800801753997803,1.1800801753997803,1.1800801753997803,1.1800801753997803,0
1776428280,1.1802195310592651,1.1802195310592651,1.1802195310592651,1.1802195310592651,0
1776428340,1.1802195310592651,1.1802195310592651,1.1802195310592651,1.1802195310592651,0
1776428400,1.18035888671875,1.18035888671875,1.18035888671875,1.18035888671875,0
1776428460,1.18035888671875,1.18035888671875,1.18035888671875,1.18035888671875,0
1776428520,1.18035888671875,1.18035888671875,1.18035888671875,1.18035888671875,0
1776428580,1.1800801753997803,1.1800801753997803,1.1800801753997803,1.1800801753997803,0
1776428640,1.1802195310592651,1.1802195310592651,1.1802195310592651,1.1802195310592651,0
1776428700,1.1804981231689453,1.1804981231689453,1.1804981231689453,1.1804981231689453,0
1776428760,1.1810559034347534,1.1810559034347534,1.1810559034347534,1.1810559034347534,0
1776428820,1.1807769536972046,1.1807769536972046,1.1807769536972046,1.1807769536972046,0
1776428880,1.1809163093566895,1.1809163093566895,1.1809163093566895,1.1809163093566895,0
1776428940,1.1807769536972046,1.1807769536972046,1.1807769536972046,1.1807769536972046,0
1776429000,1.1809163093566895,1.1809163093566895,1.1809163093566895,1.1809163093566895,0
1776429060,1.1810559034347534,1.1810559034347534,1.1810559034347534,1.1810559034347534,0
1776429120,1.1811953783035278,1.1811953783035278,1.1811953783035278,1.1811953783035278,0
1776429180,1.1811953783035278,1.1811953783035278,1.1811953783035278,1.1811953783035278,0
1776429240,1.1811953783035278,1.1811953783035278,1.1811953783035278,1.1811953783035278,0
1776429300,1.1811953783035278,1.1811953783035278,1.1811953783035278,1.1811953783035278,0
1776429360,1.1816140413284302,1.1816140413284302,1.1816140413284302,1.1816140413284302,0
1776429420,1.1816140413284302,1.1816140413284302,1.1816140413284302,1.1816140413284302,0
1776429480,1.1814744472503662,1.1814744472503662,1.1814744472503662,1.1814744472503662,0
1776429540,1.1813349723815918,1.1813349723815918,1.1813349723815918,1.1813349723815918,0
1776429600,1.1813349723815918,1.1813349723815918,1.1813349723815918,1.1813349723815918,0
1776429660,1.1811953783035278,1.1811953783035278,1.1811953783035278,1.1811953783035278,0
1776429720,1.1810559034347534,1.1810559034347534,1.1810559034347534,1.1810559034347534,0
1776429780,1.1810559034347534,1.1810559034347534,1.1810559034347534,1.1810559034347534,0
1776429840,1.1810559034347534,1.1810559034347534,1.1810559034347534,1.1810559034347534,0
1776429900,1.1810559034347534,1.1810559034347534,1.1810559034347534,1.1810559034347534,0
1776429960,1.1814744472503662,1.1814744472503662,1.1814744472503662,1.1814744472503662,0
1776430020,1.1814744472503662,1.1814744472503662,1.1814744472503662,1.1814744472503662,0
1776430080,1.1828720569610596,1.1828720569610596,1.1828720569610596,1.1828720569610596,0
1776430140,1.1831519603729248,1.1831519603729248,1.1831519603729248,1.1831519603729248,0
1776430200,1.1838523149490356,1.1838523149490356,1.1838523149490356,1.1838523149490356,0
1776430260,1.18343186378479,1.18343186378479,1.18343186378479,1.18343186378479,0
1776430320,1.1832919120788574,1.1832919120788574,1.1832919120788574,1.1832919120788574,0
1776430380,1.1831519603729248,1.1831519603729248,1.1831519603729248,1.1831519603729248,0
1776430440,1.1828720569610596,1.1828720569610596,1.1828720569610596,1.1828720569610596,0
1776430500,1.1831519603729248,1.1831519603729248,1.1831519603729248,1.1831519603729248,0
1776430560,1.1835720539093018,1.1835720539093018,1.1835720539093018,1.1835720539093018,0
1776430620,1.183712124824524,1.183712124824524,1.183712124824524,1.183712124824524,0
1776430680,1.1838523149490356,1.1838523149490356,1.1838523149490356,1.1838523149490356,0
1776430740,1.183712124824524,1.183712124824524,1.183712124824524,1.183712124824524,0
1776430800,1.1839923858642578,1.1839923858642578,1.1839923858642578,1.1839923858642578,0
1776430860,1.1835720539093018,1.1835720539093018,1.1835720539093018,1.1835720539093018,0
1776430920,1.183712124824524,1.183712124824524,1.183712124824524,1.183712124824524,0
1776430980,1.184413194656372,1.184413194656372,1.184413194656372,1.184413194656372,0
1776431040,1.1846938133239746,1.1846938133239746,1.1846938133239746,1.1846938133239746,0
1776431100,1.184413194656372,1.184413194656372,1.184413194656372,1.184413194656372,0
1776431160,1.1845533847808838,1.1845533847808838,1.1845533847808838,1.1845533847808838,0
1776431220,1.1849744319915771,1.1849744319915771,1.1849744319915771,1.1849744319915771,0
1776431280,1.1849744319915771,1.1849744319915771,1.1849744319915771,1.1849744319915771,0
1776431340,1.1851149797439575,1.1851149797439575,1.1851149797439575,1.1851149797439575,0
1776431400,1.1852554082870483,1.1852554082870483,1.1852554082870483,1.1852554082870483,0
1776431460,1.1852554082870483,1.1852554082870483,1.1852554082870483,1.1852554082870483,0
1776431520,1.1852554082870483,1.1852554082870483,1.1852554082870483,1.1852554082870483,0
1776431580,1.1851149797439575,1.1851149797439575,1.1851149797439575,1.1851149797439575,0
1776431640,1.1848341226577759,1.1848341226577759,1.1848341226577759,1.1848341226577759,0
1776431700,1.1848341226577759,1.1848341226577759,1.1848341226577759,1.1848341226577759,0
1776431760,1.1845533847808838,1.1845533847808838,1.1845533847808838,1.1845533847808838,0
1776431820,1.184413194656372,1.184413194656372,1.184413194656372,1.184413194656372,0
1776431880,1.1845533847808838,1.1845533847808838,1.1845533847808838,1.1845533847808838,0
1776431940,1.1848341226577759,1.1848341226577759,1.1848341226577759,1.1848341226577759,0
1776432000,1.1848341226577759,1.1848341226577759,1.1848341226577759,1.1848341226577759,0
1776432060,1.1842728853225708,1.1842728853225708,1.1842728853225708,1.1842728853225708,0
1776432120,1.1842728853225708,1.1842728853225708,1.1842728853225708,1.1842728853225708,0
1776432180,1.184413194656372,1.184413194656372,1.184413194656372,1.184413194656372,0
1776432240,1.1842728853225708,1.1842728853225708,1.1842728853225708,1.1842728853225708,0
1776432300,1.184413194656372,1.184413194656372,1.184413194656372,1.184413194656372,0
1776432360,1.1842728853225708,1.1842728853225708,1.1842728853225708,1.1842728853225708,0
1776432420,1.1838523149490356,1.1838523149490356,1.1838523149490356,1.1838523149490356,0
1776432480,1.18343186378479,1.18343186378479,1.18343186378479,1.18343186378479,0
1776432540,1.183712124824524,1.183712124824524,1.183712124824524,1.183712124824524,0
1776432600,1.1835720539093018,1.1835720539093018,1.1835720539093018,1.1835720539093018,0
1776432660,1.183712124824524,1.183712124824524,1.183712124824524,1.183712124824524,0
1776432720,1.1839923858642578,1.1839923858642578,1.1839923858642578,1.1839923858642578,0
1776432780,1.1838523149490356,1.1838523149490356,1.1838523149490356,1.1838523149490356,0
1776432840,1.1838523149490356,1.1838523149490356,1.1838523149490356,1.1838523149490356,0
1776432900,1.1838523149490356,1.1838523149490356,1.1838523149490356,1.1838523149490356,0
1776432960,1.1839923858642578,1.1839923858642578,1.1839923858642578,1.1839923858642578,0
1776433020,1.1841325759887695,1.1841325759887695,1.1841325759887695,1.1841325759887695,0
1776433080,1.1841325759887695,1.1841325759887695,1.1841325759887695,1.1841325759887695,0
1776433140,1.1845533847808838,1.1845533847808838,1.1845533847808838,1.1845533847808838,0
1776433200,1.1845533847808838,1.1845533847808838,1.1845533847808838,1.1845533847808838,0
1776433260,1.1845533847808838,1.1845533847808838,1.1845533847808838,1.1845533847808838,0
1776433320,1.184413194656372,1.184413194656372,1.184413194656372,1.184413194656372,0
1776433380,1.184413194656372,1.184413194656372,1.184413194656372,1.184413194656372,0
1776433440,1.1839923858642578,1.1839923858642578,1.1839923858642578,1.1839923858642578,0
1776433500,1.183712124824524,1.183712124824524,1.183712124824524,1.183712124824524,0
1776433560,1.1838523149490356,1.1838523149490356,1.1838523149490356,1.1838523149490356,0
1776433620,1.1832919120788574,1.1832919120788574,1.1832919120788574,1.1832919120788574,0
1776433680,1.1828720569610596,1.1828720569610596,1.1828720569610596,1.1828720569610596,0
1776433740,1.1831519603729248,1.1831519603729248,1.1831519603729248,1.1831519603729248,0
1776433800,1.1831519603729248,1.1831519603729248,1.1831519603729248,1.1831519603729248,0
1776433860,1.1831519603729248,1.1831519603729248,1.1831519603729248,1.1831519603729248,0
1776433920,1.18343186378479,1.18343186378479,1.18343186378479,1.18343186378479,0
1776433980,1.1835720539093018,1.1835720539093018,1.1835720539093018,1.1835720539093018,0
1776434040,1.183712124824524,1.183712124824524,1.183712124824524,1.183712124824524,0
1776434100,1.183712124824524,1.183712124824524,1.183712124824524,1.183712124824524,0
1776434160,1.183712124824524,1.183712124824524,1.183712124824524,1.183712124824524,0
1776434220,1.1838523149490356,1.1838523149490356,1.1838523149490356,1.1838523149490356,0
1776434280,1.1838523149490356,1.1838523149490356,1.1838523149490356,1.1838523149490356,0
1776434340,1.183712124824524,1.183712124824524,1.183712124824524,1.183712124824524,0
1776434400,1.183712124824524,1.183712124824524,1.183712124824524,1.183712124824524,0
1776434460,1.18343186378479,1.18343186378479,1.18343186378479,1.18343186378479,0
1776434520,1.1835720539093018,1.1835720539093018,1.1835720539093018,1.1835720539093018,0
1776434580,1.1835720539093018,1.1835720539093018,1.1835720539093018,1.1835720539093018,0
1776434640,1.1835720539093018,1.1835720539093018,1.1835720539093018,1.1835720539093018,0
1776434700,1.1838523149490356,1.1838523149490356,1.1838523149490356,1.1838523149490356,0
1776434760,1.18343186378479,1.18343186378479,1.18343186378479,1.18343186378479,0
1776434820,1.18343186378479,1.18343186378479,1.18343186378479,1.18343186378479,0
1776434880,1.18343186378479,1.18343186378479,1.18343186378479,1.18343186378479,0
1776434940,1.1830118894577026,1.1830118894577026,1.1830118894577026,1.1830118894577026,0
1776435000,1.1828720569610596,1.1828720569610596,1.1828720569610596,1.1828720569610596,0
1776435060,1.1828720569610596,1.1828720569610596,1.1828720569610596,1.1828720569610596,0
1776435120,1.182732105255127,1.182732105255127,1.182732105255127,1.182732105255127,0
1776435180,1.1825922727584839,1.1825922727584839,1.1825922727584839,1.1825922727584839,0
1776435240,1.1825922727584839,1.1825922727584839,1.1825922727584839,1.1825922727584839,0
1776435300,1.1824523210525513,1.1824523210525513,1.1824523210525513,1.1824523210525513,0
1776435360,1.182732105255127,1.182732105255127,1.182732105255127,1.182732105255127,0
1776435420,1.182732105255127,1.182732105255127,1.182732105255127,1.182732105255127,0
1776435480,1.182732105255127,1.182732105255127,1.182732105255127,1.182732105255127,0
1776435540,1.182732105255127,1.182732105255127,1.182732105255127,1.182732105255127,0
1776435600,1.1828720569610596,1.1828720569610596,1.1828720569610596,1.1828720569610596,0
1776435660,1.1828720569610596,1.1828720569610596,1.1828720569610596,1.1828720569610596,0
1776435720,1.1828720569610596,1.1828720569610596,1.1828720569610596,1.1828720569610596,0
1776435780,1.1830118894577026,1.1830118894577026,1.1830118894577026,1.1830118894577026,0
1776435840,1.1831519603729248,1.1831519603729248,1.1831519603729248,1.1831519603729248,0
1776435900,1.1832919120788574,1.1832919120788574,1.1832919120788574,1.1832919120788574,0
1776435960,1.18343186378479,1.18343186378479,1.18343186378479,1.18343186378479,0
1776436020,1.1832919120788574,1.1832919120788574,1.1832919120788574,1.1832919120788574,0
1776436080,1.18343186378479,1.18343186378479,1.18343186378479,1.18343186378479,0
1776436140,1.1831519603729248,1.1831519603729248,1.1831519603729248,1.1831519603729248,0
1776436200,1.1830118894577026,1.1830118894577026,1.1830118894577026,1.1830118894577026,0
1776436260,1.1831519603729248,1.1831519603729248,1.1831519603729248,1.1831519603729248,0
1776436320,1.1831519603729248,1.1831519603729248,1.1831519603729248,1.1831519603729248,0
1776436380,1.1831519603729248,1.1831519603729248,1.1831519603729248,1.1831519603729248,0
1776436440,1.1835720539093018,1.1835720539093018,1.1835720539093018,1.1835720539093018,0
1776436500,1.1831519603729248,1.1831519603729248,1.1831519603729248,1.1831519603729248,0
1776436560,1.1824523210525513,1.1824523210525513,1.1824523210525513,1.1824523210525513,0
1776436620,1.1823126077651978,1.1823126077651978,1.1823126077651978,1.1823126077651978,0
1776436680,1.1823126077651978,1.1823126077651978,1.1823126077651978,1.1823126077651978,0
1776436740,1.1823126077651978,1.1823126077651978,1.1823126077651978,1.1823126077651978,0
1776436800,1.182732105255127,1.182732105255127,1.182732105255127,1.182732105255127,0
1776436860,1.182732105255127,1.182732105255127,1.182732105255127,1.182732105255127,0
1776436920,1.1830118894577026,1.1830118894577026,1.1830118894577026,1.1830118894577026,0
1776436980,1.1830118894577026,1.1830118894577026,1.1830118894577026,1.1830118894577026,0
1776437040,1.1830118894577026,1.1830118894577026,1.1830118894577026,1.1830118894577026,0
1776437100,1.1828720569610596,1.1828720569610596,1.1828720569610596,1.1828720569610596,0
1776437160,1.1828720569610596,1.1828720569610596,1.1828720569610596,1.1828720569610596,0
1776437220,1.1825922727584839,1.1825922727584839,1.1825922727584839,1.1825922727584839,0
1776437280,1.1825922727584839,1.1825922727584839,1.1825922727584839,1.1825922727584839,0
1776437340,1.1828720569610596,1.1828720569610596,1.1828720569610596,1.1828720569610596,0
1776437400,1.1824523210525513,1.1824523210525513,1.1824523210525513,1.1824523210525513,0
1776437460,1.1820330619812012,1.1820330619812012,1.1820330619812012,1.1820330619812012,0
1776437520,1.1821727752685547,1.1821727752685547,1.1821727752685547,1.1821727752685547,0
1776437580,1.1820330619812012,1.1820330619812012,1.1820330619812012,1.1820330619812012,0
1776437640,1.1820330619812012,1.1820330619812012,1.1820330619812012,1.1820330619812012,0
1776437700,1.1816140413284302,1.1816140413284302,1.1816140413284302,1.1816140413284302,0
1776437760,1.1820330619812012,1.1820330619812012,1.1820330619812012,1.1820330619812012,0
1776437820,1.1818934679031372,1.1818934679031372,1.1818934679031372,1.1818934679031372,0
1776437880,1.1820330619812012,1.1820330619812012,1.1820330619812012,1.1820330619812012,0
1776437940,1.1818934679031372,1.1818934679031372,1.1818934679031372,1.1818934679031372,0
1776438000,1.1816140413284302,1.1816140413284302,1.1816140413284302,1.1816140413284302,0
1776438060,1.1817537546157837,1.1817537546157837,1.1817537546157837,1.1817537546157837,0
1776438120,1.1817537546157837,1.1817537546157837,1.1817537546157837,1.1817537546157837,0
1776438180,1.1817537546157837,1.1817537546157837,1.1817537546157837,1.1817537546157837,0
1776438240,1.1814744472503662,1.1814744472503662,1.1814744472503662,1.1814744472503662,0
1776438300,1.1816140413284302,1.1816140413284302,1.1816140413284302,1.1816140413284302,0
1776438360,1.1816140413284302,1.1816140413284302,1.1816140413284302,1.1816140413284302,0
1776438420,1.1817537546157837,1.1817537546157837,1.1817537546157837,1.1817537546157837,0
1776438480,1.1816140413284302,1.1816140413284302,1.1816140413284302,1.1816140413284302,0
1776438540,1.1816140413284302,1.1816140413284302,1.1816140413284302,1.1816140413284302,0
1776438600,1.1817537546157837,1.1817537546157837,1.1817537546157837,1.1817537546157837,0
1776438660,1.1817537546157837,1.1817537546157837,1.1817537546157837,1.1817537546157837,0
1776438720,1.1816140413284302,1.1816140413284302,1.1816140413284302,1.1816140413284302,0
1776438780,1.1816140413284302,1.1816140413284302,1.1816140413284302,1.1816140413284302,0
1776438840,1.1816140413284302,1.1816140413284302,1.1816140413284302,1.1816140413284302,0
1776438900,1.1814744472503662,1.1814744472503662,1.1814744472503662,1.1814744472503662,0
1776438960,1.1811953783035278,1.1811953783035278,1.1811953783035278,1.1811953783035278,0
1776439020,1.1814744472503662,1.1814744472503662,1.1814744472503662,1.1814744472503662,0
1776439080,1.1816140413284302,1.1816140413284302,1.1816140413284302,1.1816140413284302,0
1776439140,1.1811953783035278,1.1811953783035278,1.1811953783035278,1.1811953783035278,0
1776439200,1.1810559034347534,1.1810559034347534,1.1810559034347534,1.1810559034347534,0
1776439260,1.1810559034347534,1.1810559034347534,1.1810559034347534,1.1810559034347534,0
1776439320,1.1809163093566895,1.1809163093566895,1.1809163093566895,1.1809163093566895,0
1776439380,1.1810559034347534,1.1810559034347534,1.1810559034347534,1.1810559034347534,0
1776439440,1.1809163093566895,1.1809163093566895,1.1809163093566895,1.1809163093566895,0
1776439500,1.1807769536972046,1.1807769536972046,1.1807769536972046,1.1807769536972046,0
1776439560,1.1804981231689453,1.1804981231689453,1.1804981231689453,1.1804981231689453,0
1776439620,1.1806375980377197,1.1806375980377197,1.1806375980377197,1.1806375980377197,0
1776439680,1.1806375980377197,1.1806375980377197,1.1806375980377197,1.1806375980377197,0
1776439740,1.1806375980377197,1.1806375980377197,1.1806375980377197,1.1806375980377197,0
1776439800,1.1807769536972046,1.1807769536972046,1.1807769536972046,1.1807769536972046,0
1776439860,1.1806375980377197,1.1806375980377197,1.1806375980377197,1.1806375980377197,0
1776439920,1.1811953783035278,1.1811953783035278,1.1811953783035278,1.1811953783035278,0
1776439980,1.1810559034347534,1.1810559034347534,1.1810559034347534,1.1810559034347534,0
1776440040,1.1811953783035278,1.1811953783035278,1.1811953783035278,1.1811953783035278,0
1776440100,1.1813349723815918,1.1813349723815918,1.1813349723815918,1.1813349723815918,0
1776440160,1.1810559034347534,1.1810559034347534,1.1810559034347534,1.1810559034347534,0
1776440220,1.1809163093566895,1.1809163093566895,1.1809163093566895,1.1809163093566895,0
1776440280,1.1807769536972046,1.1807769536972046,1.1807769536972046,1.1807769536972046,0
1776440340,1.1809163093566895,1.1809163093566895,1.1809163093566895,1.1809163093566895,0
1776440400,1.1810559034347534,1.1810559034347534,1.1810559034347534,1.1810559034347534,0
1776440460,1.1810559034347534,1.1810559034347534,1.1810559034347534,1.1810559034347534,0
1776440520,1.1809163093566895,1.1809163093566895,1.1809163093566895,1.1809163093566895,0
1776440580,1.1806375980377197,1.1806375980377197,1.1806375980377197,1.1806375980377197,0
1776440640,1.18035888671875,1.18035888671875,1.18035888671875,1.18035888671875,0
1776440700,1.1804981231689453,1.1804981231689453,1.1804981231689453,1.1804981231689453,0
1776440760,1.1807769536972046,1.1807769536972046,1.1807769536972046,1.1807769536972046,0
1776440820,1.1806375980377197,1.1806375980377197,1.1806375980377197,1.1806375980377197,0
1776440880,1.1804981231689453,1.1804981231689453,1.1804981231689453,1.1804981231689453,0
1776440940,1.1804981231689453,1.1804981231689453,1.1804981231689453,1.1804981231689453,0
1776441000,1.1807769536972046,1.1807769536972046,1.1807769536972046,1.1807769536972046,0
1776441060,1.1807769536972046,1.1807769536972046,1.1807769536972046,1.1807769536972046,0
1776441120,1.1806375980377197,1.1806375980377197,1.1806375980377197,1.1806375980377197,0
1776441180,1.1807769536972046,1.1807769536972046,1.1807769536972046,1.1807769536972046,0
1776441240,1.1809163093566895,1.1809163093566895,1.1809163093566895,1.1809163093566895,0
1776441300,1.1809163093566895,1.1809163093566895,1.1809163093566895,1.1809163093566895,0
1776441360,1.1807769536972046,1.1807769536972046,1.1807769536972046,1.1807769536972046,0
1776441420,1.1806375980377197,1.1806375980377197,1.1806375980377197,1.1806375980377197,0
1776441480,1.1806375980377197,1.1806375980377197,1.1806375980377197,1.1806375980377197,0
1776441540,1.18035888671875,1.18035888671875,1.18035888671875,1.18035888671875,0
1776441600,1.18035888671875,1.18035888671875,1.18035888671875,1.18035888671875,0
1776441660,1.1802195310592651,1.1802195310592651,1.1802195310592651,1.1802195310592651,0
1776441720,1.1800801753997803,1.1800801753997803,1.1800801753997803,1.1800801753997803,0
1776441780,1.1802195310592651,1.1802195310592651,1.1802195310592651,1.1802195310592651,0
1776441840,1.1802195310592651,1.1802195310592651,1.1802195310592651,1.1802195310592651,0
1776441900,1.1802195310592651,1.1802195310592651,1.1802195310592651,1.1802195310592651,0
1776441960,1.1800801753997803,1.1800801753997803,1.1800801753997803,1.1800801753997803,0
1776442020,1.1798018217086792,1.1798018217086792,1.1798018217086792,1.1798018217086792,0
1776442080,1.179940938949585,1.179940938949585,1.179940938949585,1.179940938949585,0
1776442140,1.179940938949585,1.179940938949585,1.179940938949585,1.179940938949585,0
1776442200,1.179940938949585,1.179940938949585,1.179940938949585,1.179940938949585,0
1776442260,1.1796625852584839,1.1796625852584839,1.1796625852584839,1.1796625852584839,0
1776442320,1.1796625852584839,1.1796625852584839,1.1796625852584839,1.1796625852584839,0
1776442380,1.179940938949585,1.179940938949585,1.179940938949585,1.179940938949585,0
1776442440,1.1800801753997803,1.1800801753997803,1.1800801753997803,1.1800801753997803,0
1776442500,1.18035888671875,1.18035888671875,1.18035888671875,1.18035888671875,0
1776442560,1.18035888671875,1.18035888671875,1.18035888671875,1.18035888671875,0
1776442620,1.18035888671875,1.18035888671875,1.18035888671875,1.18035888671875,0
1776442680,1.18035888671875,1.18035888671875,1.18035888671875,1.18035888671875,0
1776442740,1.1804981231689453,1.1804981231689453,1.1804981231689453,1.1804981231689453,0
1776442800,1.1804981231689453,1.1804981231689453,1.1804981231689453,1.1804981231689453,0
1776442860,1.1807769536972046,1.1807769536972046,1.1807769536972046,1.1807769536972046,0
1776442920,1.1807769536972046,1.1807769536972046,1.1807769536972046,1.1807769536972046,0
1776442980,1.1806375980377197,1.1806375980377197,1.1806375980377197,1.1806375980377197,0
1776443040,1.1806375980377197,1.1806375980377197,1.1806375980377197,1.1806375980377197,0
1776443100,1.1804981231689453,1.1804981231689453,1.1804981231689453,1.1804981231689453,0
1776443160,1.18035888671875,1.18035888671875,1.18035888671875,1.18035888671875,0
1776443220,1.1804981231689453,1.1804981231689453,1.1804981231689453,1.1804981231689453,0
1776443280,1.1804981231689453,1.1804981231689453,1.1804981231689453,1.1804981231689453,0
1776443340,1.1802195310592651,1.1802195310592651,1.1802195310592651,1.1802195310592651,0
1776443400,1.1802195310592651,1.1802195310592651,1.1802195310592651,1.1802195310592651,0
1776443460,1.1802195310592651,1.1802195310592651,1.1802195310592651,1.1802195310592651,0
1776443520,1.1802195310592651,1.1802195310592651,1.1802195310592651,1.1802195310592651,0
1776443580,1.18035888671875,1.18035888671875,1.18035888671875,1.18035888671875,0
1776443640,1.1802195310592651,1.1802195310592651,1.1802195310592651,1.1802195310592651,0
1776443700,1.18035888671875,1.18035888671875,1.18035888671875,1.18035888671875,0
1776443760,1.18035888671875,1.18035888671875,1.18035888671875,1.18035888671875,0
1776443820,1.18035888671875,1.18035888671875,1.18035888671875,1.18035888671875,0
1776443880,1.18035888671875,1.18035888671875,1.18035888671875,1.18035888671875,0
1776443940,1.18035888671875,1.18035888671875,1.18035888671875,1.18035888671875,0
1776444000,1.18035888671875,1.18035888671875,1.18035888671875,1.18035888671875,0
1776444060,1.18035888671875,1.18035888671875,1.18035888671875,1.18035888671875,0
1776444120,1.18035888671875,1.18035888671875,1.18035888671875,1.18035888671875,0
1776444180,1.1804981231689453,1.1804981231689453,1.1804981231689453,1.1804981231689453,0
1776444240,1.1804981231689453,1.1804981231689453,1.1804981231689453,1.1804981231689453,0
1776444300,1.18035888671875,1.18035888671875,1.18035888671875,1.18035888671875,0
1776444360,1.18035888671875,1.18035888671875,1.18035888671875,1.18035888671875,0
1776444420,1.1804981231689453,1.1804981231689453,1.1804981231689453,1.1804981231689453,0
1776444480,1.18035888671875,1.18035888671875,1.18035888671875,1.18035888671875,0
1776444540,1.1804981231689453,1.1804981231689453,1.1804981231689453,1.1804981231689453,0
1776444600,1.1806375980377197,1.1806375980377197,1.1806375980377197,1.1806375980377197,0
1776444660,1.1804981231689453,1.1804981231689453,1.1804981231689453,1.1804981231689453,0
1776444720,1.1804981231689453,1.1804981231689453,1.1804981231689453,1.1804981231689453,0
1776444780,1.18035888671875,1.18035888671875,1.18035888671875,1.18035888671875,0
1776444840,1.1804981231689453,1.1804981231689453,1.1804981231689453,1.1804981231689453,0
1776444900,1.1802195310592651,1.1802195310592651,1.1802195310592651,1.1802195310592651,0
1776444960,1.1802195310592651,1.1802195310592651,1.1802195310592651,1.1802195310592651,0
1776445020,1.1802195310592651,1.1802195310592651,1.1802195310592651,1.1802195310592651,0
1776445080,1.18035888671875,1.18035888671875,1.18035888671875,1.18035888671875,0
1776445140,1.1802195310592651,1.1802195310592651,1.1802195310592651,1.1802195310592651,0
1776445200,1.1800801753997803,1.1800801753997803,1.1800801753997803,1.1800801753997803,0
1776445260,1.1798018217086792,1.1798018217086792,1.1798018217086792,1.1798018217086792,0
1776445320,1.1798018217086792,1.1798018217086792,1.1798018217086792,1.1798018217086792,0
1776445380,1.1798018217086792,1.1798018217086792,1.1798018217086792,1.1798018217086792,0
1776445440,1.1798018217086792,1.1798018217086792,1.1798018217086792,1.1798018217086792,0
1776445500,1.179940938949585,1.179940938949585,1.179940938949585,1.179940938949585,0
1776445560,1.1798018217086792,1.1798018217086792,1.1798018217086792,1.1798018217086792,0
1776445620,1.1798018217086792,1.1798018217086792,1.1798018217086792,1.1798018217086792,0
1776445680,1.1798018217086792,1.1798018217086792,1.1798018217086792,1.1798018217086792,0
1776445740,1.1789672374725342,1.1789672374725342,1.1789672374725342,1.1789672374725342,0
1776445800,1.1793843507766724,1.1793843507766724,1.1793843507766724,1.1793843507766724,0
1776445860,1.1791062355041504,1.1791062355041504,1.1791062355041504,1.1791062355041504,0
1776445920,1.1791062355041504,1.1791062355041504,1.1791062355041504,1.1791062355041504,0
1776445980,1.1791062355041504,1.1791062355041504,1.1791062355041504,1.1791062355041504,0
1776446040,1.1792453527450562,1.1792453527450562,1.1792453527450562,1.1792453527450562,0
1776446100,1.1793843507766724,1.1793843507766724,1.1793843507766724,1.1793843507766724,0
1776446160,1.1795234680175781,1.1795234680175781,1.1795234680175781,1.1795234680175781,0
1776446220,1.1798018217086792,1.1798018217086792,1.1798018217086792,1.1798018217086792,0
1776446280,1.179940938949585,1.179940938949585,1.179940938949585,1.179940938949585,0
1776446340,1.1798018217086792,1.1798018217086792,1.1798018217086792,1.1798018217086792,0
1776446400,1.1798018217086792,1.1798018217086792,1.1798018217086792,1.1798018217086792,0
1776446460,1.1796625852584839,1.1796625852584839,1.1796625852584839,1.1796625852584839,0
1776446520,1.1795234680175781,1.1795234680175781,1.1795234680175781,1.1795234680175781,0
1776446580,1.1795234680175781,1.1795234680175781,1.1795234680175781,1.1795234680175781,0
1776446640,1.1798018217086792,1.1798018217086792,1.1798018217086792,1.1798018217086792,0
1776446700,1.1792453527450562,1.1792453527450562,1.1792453527450562,1.1792453527450562,0
1776446760,1.1792453527450562,1.1792453527450562,1.1792453527450562,1.1792453527450562,0
1776446820,1.1792453527450562,1.1792453527450562,1.1792453527450562,1.1792453527450562,0
1776446880,1.1793843507766724,1.1793843507766724,1.1793843507766724,1.1793843507766724,0
1776446940,1.1792453527450562,1.1792453527450562,1.1792453527450562,1.1792453527450562,0
1776447000,1.1792453527450562,1.1792453527450562,1.1792453527450562,1.1792453527450562,0
1776447060,1.1795234680175781,1.1795234680175781,1.1795234680175781,1.1795234680175781,0
1776447120,1.1793843507766724,1.1793843507766724,1.1793843507766724,1.1793843507766724,0
1776447180,1.1793843507766724,1.1793843507766724,1.1793843507766724,1.1793843507766724,0
1776447240,1.1793843507766724,1.1793843507766724,1.1793843507766724,1.1793843507766724,0
1776447300,1.1793843507766724,1.1793843507766724,1.1793843507766724,1.1793843507766724,0
1776447360,1.1793843507766724,1.1793843507766724,1.1793843507766724,1.1793843507766724,0
1776447420,1.1793843507766724,1.1793843507766724,1.1793843507766724,1.1793843507766724,0
1776447480,1.1793843507766724,1.1793843507766724,1.1793843507766724,1.1793843507766724,0
1776447540,1.1792453527450562,1.1792453527450562,1.1792453527450562,1.1792453527450562,0
1776447600,1.1793843507766724,1.1793843507766724,1.1793843507766724,1.1793843507766724,0
1776447660,1.1792453527450562,1.1792453527450562,1.1792453527450562,1.1792453527450562,0
1776447720,1.1793843507766724,1.1793843507766724,1.1793843507766724,1.1793843507766724,0
1776447780,1.1795234680175781,1.1795234680175781,1.1795234680175781,1.1795234680175781,0
1776447840,1.1793843507766724,1.1793843507766724,1.1793843507766724,1.1793843507766724,0
1776447900,1.1792453527450562,1.1792453527450562,1.1792453527450562,1.1792453527450562,0
1776447960,1.1793843507766724,1.1793843507766724,1.1793843507766724,1.1793843507766724,0
1776448020,1.1795234680175781,1.1795234680175781,1.1795234680175781,1.1795234680175781,0
1776448080,1.1795234680175781,1.1795234680175781,1.1795234680175781,1.1795234680175781,0
1776448140,1.1796625852584839,1.1796625852584839,1.1796625852584839,1.1796625852584839,0
1776448200,1.1796625852584839,1.1796625852584839,1.1796625852584839,1.1796625852584839,0
1776448260,1.1796625852584839,1.1796625852584839,1.1796625852584839,1.1796625852584839,0
1776448320,1.1796625852584839,1.1796625852584839,1.1796625852584839,1.1796625852584839,0
1776448380,1.1796625852584839,1.1796625852584839,1.1796625852584839,1.1796625852584839,0
1776448440,1.1798018217086792,1.1798018217086792,1.1798018217086792,1.1798018217086792,0
1776448500,1.1798018217086792,1.1798018217086792,1.1798018217086792,1.1798018217086792,0
1776448560,1.1798018217086792,1.1798018217086792,1.1798018217086792,1.1798018217086792,0
1776448620,1.179940938949585,1.179940938949585,1.179940938949585,1.179940938949585,0
1776448680,1.1798018217086792,1.1798018217086792,1.1798018217086792,1.1798018217086792,0
1776448740,1.1798018217086792,1.1798018217086792,1.1798018217086792,1.1798018217086792,0
1776448800,1.179940938949585,1.179940938949585,1.179940938949585,1.179940938949585,0
1776448860,1.1798018217086792,1.1798018217086792,1.1798018217086792,1.1798018217086792,0
1776448920,1.1798018217086792,1.1798018217086792,1.1798018217086792,1.1798018217086792,0
1776448980,1.1798018217086792,1.1798018217086792,1.1798018217086792,1.1798018217086792,0
1776449040,1.1798018217086792,1.1798018217086792,1.1798018217086792,1.1798018217086792,0
1776449100,1.1798018217086792,1.1798018217086792,1.1798018217086792,1.1798018217086792,0
1776449160,1.1798018217086792,1.1798018217086792,1.1798018217086792,1.1798018217086792,0
1776449220,1.179940938949585,1.179940938949585,1.179940938949585,1.179940938949585,0
1776449280,1.1798018217086792,1.1798018217086792,1.1798018217086792,1.1798018217086792,0
1776449340,1.1798018217086792,1.1798018217086792,1.1798018217086792,1.1798018217086792,0
1776449400,1.1796625852584839,1.1796625852584839,1.1796625852584839,1.1796625852584839,0
1776449460,1.1795234680175781,1.1795234680175781,1.1795234680175781,1.1795234680175781,0
1776449520,1.1795234680175781,1.1795234680175781,1.1795234680175781,1.1795234680175781,0
1776449580,1.1795234680175781,1.1795234680175781,1.1795234680175781,1.1795234680175781,0
1776449640,1.1793843507766724,1.1793843507766724,1.1793843507766724,1.1793843507766724,0
1776449700,1.1793843507766724,1.1793843507766724,1.1793843507766724,1.1793843507766724,0
1776449760,1.1795234680175781,1.1795234680175781,1.1795234680175781,1.1795234680175781,0
