1770364681.740065,Dynamic Breakout DOWN (Dev 2.5 + RSI 0.1),1.0,0
1770364801.800388,Dynamic Breakout DOWN (Dev 2.5 + RSI 0.0),1.0,0
1770365821.876619,Dynamic Breakout DOWN (Dev 2.5 + RSI 15.3),1.0,0
1770366481.079183,Dynamic Breakout UP (Dev 2.5 + RSI 75.8),1.0,0
1770366541.043565,Dynamic Breakout UP (Dev 2.5 + RSI 82.1),1.0,0
1770366600.886144,Dynamic Breakout DOWN (Dev 2.5 + RSI 0.4),1.0,0
